<?xml version = '1.0' encoding = 'UTF-8'?>
<relationalModel class="oracle.dbtools.crest.model.design.relational.RelationalDesign" name="Relational_1" id="2BD45F06-0A79-B5F5-7842-B147146B797A" mainViewID="E4821E23-1222-9C1E-07E3-5DD9AE84773E">
<createdBy>mozsi</createdBy>
<createdTime>2016-10-31 16:16:20 UTC</createdTime>
<ownerDesignName>benco_log</ownerDesignName>
<shouldBeOpen>false</shouldBeOpen>
<selectedRDBMSSite>32076570-2523-435C-2E92-BF29817DFF70</selectedRDBMSSite>
</relationalModel>