<?xml version = '1.0' encoding = 'UTF-8'?>
<Relation class="oracle.dbtools.crest.model.design.logical.Relation" name="Relation_20" directorySegmentName="seg_0" id="45D26243-320A-F490-F5AC-B0BA611EAEA6">
<createdBy>nagy</createdBy>
<createdTime>2016-11-22 13:51:51 UTC</createdTime>
<ownerDesignName>cramhead_relational_model_</ownerDesignName>
<importedID>72A80EA7-A5E0-90AC-E32E-E6762E081BEA</importedID>
<engineerTo>
<item key="373F37EB-A9B7-B5A3-A7BD-BC96B71DE8EB" value="true"/>
</engineerTo>
<sourcePk>C909045D-AAFF-ADA4-883B-8C7B00847190</sourcePk>
<identifying>false</identifying>
<optionalSource>false</optionalSource>
<optionalTarget>false</optionalTarget>
<sourceCardinality>1</sourceCardinality>
<sourceEntity>52B7A442-420A-D006-1BF7-7C32EB4BF41D</sourceEntity>
<targetCardinalityString>*</targetCardinalityString>
<targetEntity>981D0D23-7EC3-3A7D-5E14-7D1925C1FAA1</targetEntity>
<transferable>true</transferable>
<deleteRule>NO ACTION</deleteRule>
</Relation>