<?xml version = '1.0' encoding = 'UTF-8'?>
<Relation class="oracle.dbtools.crest.model.design.logical.Relation" name="Relation_18" directorySegmentName="seg_0" id="4F8BCD75-C0A3-C7BB-5B05-E6300C72FEB2">
<createdBy>nagy</createdBy>
<createdTime>2016-11-22 13:51:51 UTC</createdTime>
<ownerDesignName>cramhead_relational_model_</ownerDesignName>
<importedID>191F7D28-A005-16FD-6A1C-B3C8E9C2ABEB</importedID>
<engineerTo>
<item key="373F37EB-A9B7-B5A3-A7BD-BC96B71DE8EB" value="true"/>
</engineerTo>
<sourcePk>5B7ED183-A5F5-6DB0-5E4A-8DF58C6EC3EE</sourcePk>
<identifying>false</identifying>
<optionalSource>false</optionalSource>
<optionalTarget>false</optionalTarget>
<sourceCardinality>1</sourceCardinality>
<sourceEntity>136764D3-CD76-9F31-00FA-F896106DC46C</sourceEntity>
<targetCardinalityString>*</targetCardinalityString>
<targetEntity>981D0D23-7EC3-3A7D-5E14-7D1925C1FAA1</targetEntity>
<transferable>true</transferable>
<deleteRule>NO ACTION</deleteRule>
</Relation>