<?xml version = '1.0' encoding = 'UTF-8'?>
<Relation class="oracle.dbtools.crest.model.design.logical.Relation" name="Relation_14" directorySegmentName="seg_0" id="68D8D4B5-019D-8742-5735-15B4C3AFD280">
<createdBy>nagy</createdBy>
<createdTime>2016-11-22 13:51:51 UTC</createdTime>
<ownerDesignName>cramhead_relational_model_</ownerDesignName>
<importedID>AB12896E-A801-3168-16A8-C24883337C70</importedID>
<engineerTo>
<item key="373F37EB-A9B7-B5A3-A7BD-BC96B71DE8EB" value="true"/>
</engineerTo>
<sourcePk>41DBDC23-541A-6B2C-D04E-726A5B17C860</sourcePk>
<identifying>false</identifying>
<optionalSource>false</optionalSource>
<optionalTarget>false</optionalTarget>
<sourceCardinality>1</sourceCardinality>
<sourceEntity>C4C24D40-227E-EFFA-CB7C-9635CD324D81</sourceEntity>
<targetCardinalityString>*</targetCardinalityString>
<targetEntity>42523C75-40AF-BA6A-E8A7-8D08A02C3CEA</targetEntity>
<transferable>true</transferable>
<deleteRule>NO ACTION</deleteRule>
</Relation>