<?xml version = '1.0' encoding = 'UTF-8'?>
<Relation class="oracle.dbtools.crest.model.design.logical.Relation" name="Relation_24" directorySegmentName="seg_0" id="FD0E7164-7837-896D-C85C-0E0A28AED08D">
<createdBy>nagy</createdBy>
<createdTime>2016-11-22 13:51:51 UTC</createdTime>
<ownerDesignName>cramhead_relational_model_</ownerDesignName>
<importedID>A0BA3A8C-22D2-6876-F3BA-4A15D1D09B3F</importedID>
<engineerTo>
<item key="373F37EB-A9B7-B5A3-A7BD-BC96B71DE8EB" value="true"/>
</engineerTo>
<sourcePk>32107710-8787-355D-3C1B-F1A58D9FDF1D</sourcePk>
<targetPk>768CBE3D-D70E-B982-202A-EB8286E72677</targetPk>
<identifying>false</identifying>
<optionalSource>false</optionalSource>
<optionalTarget>false</optionalTarget>
<sourceCardinality>1</sourceCardinality>
<sourceEntity>982EDEA0-3A21-EAD8-A7F1-20B5325F8F97</sourceEntity>
<targetCardinalityString>1</targetCardinalityString>
<targetEntity>981D0D23-7EC3-3A7D-5E14-7D1925C1FAA1</targetEntity>
<transferable>true</transferable>
<deleteRule>NO ACTION</deleteRule>
</Relation>