<?xml version = '1.0' encoding = 'UTF-8'?>
<Table class="oracle.dbtools.crest.model.design.relational.Table" directorySegmentName="seg_0" id="4E143F90-1FFB-E241-BA4D-C17FD9C63FF6" name="Foglalas">
<createdBy>nagyandras95</createdBy>
<createdTime>2016-11-16 16:10:44 UTC</createdTime>
<generatorID>A1DDEEAC-1CEA-2CAE-471B-ACFC50C51E22</generatorID>
<ownerDesignName>cramhead_logical_relational_final_final</ownerDesignName>
<allowColumnReorder>false</allowColumnReorder>
<existDependencyGenerateInDDl>true</existDependencyGenerateInDDl>
<parsed>true</parsed>
<columns itemClass="oracle.dbtools.crest.model.design.relational.Column">
<Column name="Tanfolyam_tanfolyamAzon" id="34C4ECA1-B7FD-C344-1CF5-116C73E90C84">
<createdBy>nagyandras95</createdBy>
<createdTime>2016-11-16 16:10:44 UTC</createdTime>
<generatorID>34EE71DA-7B7D-6135-64C4-128B9F9F362E</generatorID>
<ownerDesignName>cramhead_logical_relational_final_final</ownerDesignName>
<useDomainConstraints>false</useDomainConstraints>
<use>1</use>
<logicalDatatype>LOGDT011</logicalDatatype>
<ownDataTypeParameters>,,</ownDataTypeParameters>
<previousColumn>false</previousColumn>
<autoIncrementCycle>false</autoIncrementCycle>
<associations>
<colAssociation fkAssociation="C8878114-1084-37D9-2C9C-DB33E6B4AB1A" referredColumn="8B1414A4-0AB1-DAC4-AEC2-0E76BF8BFC26"/>
</associations>
</Column>
<Column name="foglalasAzon" id="2E54C105-ADFE-4C64-F19D-BCD4EF207495">
<createdBy>nagyandras95</createdBy>
<createdTime>2016-11-16 16:10:44 UTC</createdTime>
<generatorID>3F8EB218-6266-E6E4-62ED-6958C7E93FB1</generatorID>
<ownerDesignName>cramhead_logical_relational_final_final</ownerDesignName>
<useDomainConstraints>false</useDomainConstraints>
<use>1</use>
<logicalDatatype>LOGDT011</logicalDatatype>
<ownDataTypeParameters>,,</ownDataTypeParameters>
<autoIncrementCycle>false</autoIncrementCycle>
</Column>
<Column name="ideiglenes" id="A695AEC8-3059-A474-E685-7F1D175E3317">
<createdBy>nagyandras95</createdBy>
<createdTime>2016-11-16 16:10:44 UTC</createdTime>
<generatorID>1184E88A-A658-6EEE-9609-3458C84BA6B4</generatorID>
<ownerDesignName>cramhead_logical_relational_final_final</ownerDesignName>
<useDomainConstraints>false</useDomainConstraints>
<use>1</use>
<logicalDatatype>LOGDT006</logicalDatatype>
<dataTypeSize>1</dataTypeSize>
<ownDataTypeParameters>1,,</ownDataTypeParameters>
<autoIncrementCycle>false</autoIncrementCycle>
</Column>
<Column name="keszenleti" id="BE1570BC-26FF-3C34-714C-7DE892B23826">
<createdBy>nagyandras95</createdBy>
<createdTime>2016-11-16 16:10:44 UTC</createdTime>
<generatorID>839D803C-EC55-CF78-D6B6-6524D6BF2A37</generatorID>
<ownerDesignName>cramhead_logical_relational_final_final</ownerDesignName>
<nullsAllowed>true</nullsAllowed>
<useDomainConstraints>false</useDomainConstraints>
<use>1</use>
<logicalDatatype>LOGDT006</logicalDatatype>
<dataTypeSize>1</dataTypeSize>
<ownDataTypeParameters>1,,</ownDataTypeParameters>
<autoIncrementCycle>false</autoIncrementCycle>
</Column>
<Column name="Ugyfel_ugyfelAzon" id="3FF80BED-1592-2413-F53C-3363E6CDD059">
<createdBy>nagyandras95</createdBy>
<createdTime>2016-11-16 16:10:44 UTC</createdTime>
<generatorID>DA45457B-18B4-9FFD-0F22-27EE3CADFCE0</generatorID>
<ownerDesignName>cramhead_logical_relational_final_final</ownerDesignName>
<useDomainConstraints>false</useDomainConstraints>
<use>1</use>
<logicalDatatype>LOGDT011</logicalDatatype>
<ownDataTypeParameters>,,</ownDataTypeParameters>
<previousColumn>false</previousColumn>
<autoIncrementCycle>false</autoIncrementCycle>
<associations>
<colAssociation fkAssociation="9EE6AB49-8FE4-563D-4DCA-06C2DFE054A2" referredColumn="CB27F1E1-40B0-F9E2-C467-8FD91D51E712"/>
</associations>
</Column>
</columns>
<indexes itemClass="oracle.dbtools.crest.model.design.relational.Index">
<ind_PK_UK id="162CD8CF-3BC9-CF94-4DC6-0B36FCF4F828" name="Foglalas_PK">
<createdBy>nagyandras95</createdBy>
<createdTime>2016-11-16 16:10:44 UTC</createdTime>
<generatorID>8FC0CAE7-05DB-B838-017B-7CEA1E5EE87B</generatorID>
<ownerDesignName>cramhead_logical_relational_final_final</ownerDesignName>
<pk>true</pk>
<indexState>Primary Constraint</indexState>
<isSurrogateKey>false</isSurrogateKey>
<indexColumnUsage>
<colUsage columnID="2E54C105-ADFE-4C64-F19D-BCD4EF207495"/>
</indexColumnUsage>
</ind_PK_UK>
<ind_PK_UK id="971B46BF-D601-43A7-6032-4DE8EF7070F7" name="Foglalas_Ugyfel_FK">
<createdBy>nagyandras95</createdBy>
<createdTime>2016-11-16 16:10:45 UTC</createdTime>
<generatorID>8B7831E3-2284-B546-F585-900CAF021CBD</generatorID>
<ownerDesignName>cramhead_logical_relational_final_final</ownerDesignName>
<indexState>Foreign Key</indexState>
<isSurrogateKey>false</isSurrogateKey>
<indexColumnUsage>
<colUsage columnID="3FF80BED-1592-2413-F53C-3363E6CDD059"/>
</indexColumnUsage>
</ind_PK_UK>
<ind_PK_UK id="D8F3FCBE-BAD6-76F3-30D4-16ECA39E3088" name="Foglalas_Tanfolyam_FK">
<createdBy>nagyandras95</createdBy>
<createdTime>2016-11-16 16:10:45 UTC</createdTime>
<generatorID>91F84A7A-1B87-5497-7758-15C72356EE30</generatorID>
<ownerDesignName>cramhead_logical_relational_final_final</ownerDesignName>
<indexState>Foreign Key</indexState>
<isSurrogateKey>false</isSurrogateKey>
<indexColumnUsage>
<colUsage columnID="34C4ECA1-B7FD-C344-1CF5-116C73E90C84"/>
</indexColumnUsage>
</ind_PK_UK>
</indexes>
</Table>