<?xml version = '1.0' encoding = 'UTF-8'?>
<Table class="oracle.dbtools.crest.model.design.relational.Table" directorySegmentName="seg_0" id="7C9880EB-84E7-0345-6AB9-97956DDADEA8" name="Tanfolyam_felelos">
<createdBy>nagyandras95</createdBy>
<createdTime>2016-11-16 16:10:44 UTC</createdTime>
<generatorID>148959C9-F031-3E8F-AE5C-60F8FB0ABEA1</generatorID>
<ownerDesignName>cramhead_logical_relational_final_final</ownerDesignName>
<allowColumnReorder>false</allowColumnReorder>
<existDependencyGenerateInDDl>true</existDependencyGenerateInDDl>
<parsed>true</parsed>
<columns itemClass="oracle.dbtools.crest.model.design.relational.Column">
<Column name="felelosAzon" id="25B831CC-DC05-D1DB-00C2-0C4E3333039D">
<createdBy>nagyandras95</createdBy>
<createdTime>2016-11-16 16:10:44 UTC</createdTime>
<generatorID>98CA322D-9933-E78C-EB94-AE727B6BA2D0</generatorID>
<ownerDesignName>cramhead_logical_relational_final_final</ownerDesignName>
<useDomainConstraints>false</useDomainConstraints>
<use>1</use>
<logicalDatatype>LOGDT011</logicalDatatype>
<ownDataTypeParameters>,,</ownDataTypeParameters>
<autoIncrementCycle>false</autoIncrementCycle>
</Column>
<Column name="felelosNev" id="40CCAAD1-114D-4315-E03C-A03FDE2E12BA">
<createdBy>nagyandras95</createdBy>
<createdTime>2016-11-16 16:10:44 UTC</createdTime>
<generatorID>2BA29BE3-86EE-5C2F-3517-3CD6C9E58BF3</generatorID>
<ownerDesignName>cramhead_logical_relational_final_final</ownerDesignName>
<nullsAllowed>true</nullsAllowed>
<useDomainConstraints>false</useDomainConstraints>
<use>1</use>
<logicalDatatype>LOGDT024</logicalDatatype>
<dataTypeSize>40</dataTypeSize>
<ownDataTypeParameters>40,,</ownDataTypeParameters>
<autoIncrementCycle>false</autoIncrementCycle>
</Column>
</columns>
<indexes itemClass="oracle.dbtools.crest.model.design.relational.Index">
<ind_PK_UK id="8DAA509A-67BE-609F-D7DF-D2EE6B4E43FA" name="Tanfolyam_felelos_PK">
<createdBy>nagyandras95</createdBy>
<createdTime>2016-11-16 16:10:44 UTC</createdTime>
<generatorID>317E097E-EC5D-7005-CB8F-D57CFEE159F7</generatorID>
<ownerDesignName>cramhead_logical_relational_final_final</ownerDesignName>
<pk>true</pk>
<indexState>Primary Constraint</indexState>
<isSurrogateKey>false</isSurrogateKey>
<indexColumnUsage>
<colUsage columnID="25B831CC-DC05-D1DB-00C2-0C4E3333039D"/>
</indexColumnUsage>
</ind_PK_UK>
</indexes>
</Table>