<?xml version = '1.0' encoding = 'UTF-8'?>
<Table class="oracle.dbtools.crest.model.design.relational.Table" directorySegmentName="seg_0" id="E6FD9BF5-6283-D1B0-779D-4A8D6E463189" name="Tanfolyam_ertekeles">
<createdBy>nagyandras95</createdBy>
<createdTime>2016-11-16 16:10:44 UTC</createdTime>
<generatorID>144888D1-48CD-6F71-643B-28F6E44BC47A</generatorID>
<ownerDesignName>cramhead_logical_relational_final_final</ownerDesignName>
<allowColumnReorder>false</allowColumnReorder>
<existDependencyGenerateInDDl>true</existDependencyGenerateInDDl>
<parsed>true</parsed>
<columns itemClass="oracle.dbtools.crest.model.design.relational.Column">
<Column name="ertekelesAzon" id="6184249A-AE4D-A1B7-CA52-6463A6ADADCB">
<createdBy>nagyandras95</createdBy>
<createdTime>2016-11-16 16:10:44 UTC</createdTime>
<generatorID>3266C2EB-22E7-221D-4AA8-76C754AC9D59</generatorID>
<ownerDesignName>cramhead_logical_relational_final_final</ownerDesignName>
<nullsAllowed>true</nullsAllowed>
<useDomainConstraints>false</useDomainConstraints>
<use>1</use>
<logicalDatatype>LOGDT011</logicalDatatype>
<ownDataTypeParameters>,,</ownDataTypeParameters>
<autoIncrementCycle>false</autoIncrementCycle>
</Column>
<Column name="temaLeiras" id="52AB2456-1CBF-4E60-8706-86D93C4956C1">
<createdBy>nagyandras95</createdBy>
<createdTime>2016-11-16 16:10:44 UTC</createdTime>
<generatorID>6AED77A7-B48B-824C-E0B4-10094548958E</generatorID>
<ownerDesignName>cramhead_logical_relational_final_final</ownerDesignName>
<nullsAllowed>true</nullsAllowed>
<useDomainConstraints>false</useDomainConstraints>
<use>1</use>
<logicalDatatype>LOGDT024</logicalDatatype>
<dataTypeSize>40</dataTypeSize>
<ownDataTypeParameters>40,,</ownDataTypeParameters>
<autoIncrementCycle>false</autoIncrementCycle>
</Column>
<Column name="atlagErtekeles" id="84D0FEB5-8F98-03D1-1B05-7A6F65D33469">
<createdBy>nagyandras95</createdBy>
<createdTime>2016-11-16 16:10:44 UTC</createdTime>
<generatorID>C95087C9-1AA0-B8A7-D29F-3CF0CF2B0F4F</generatorID>
<ownerDesignName>cramhead_logical_relational_final_final</ownerDesignName>
<nullsAllowed>true</nullsAllowed>
<useDomainConstraints>false</useDomainConstraints>
<use>1</use>
<logicalDatatype>LOGDT019</logicalDatatype>
<dataTypePrecision>10</dataTypePrecision>
<dataTypeScale>2</dataTypeScale>
<ownDataTypeParameters>,10,2</ownDataTypeParameters>
<autoIncrementCycle>false</autoIncrementCycle>
</Column>
<Column name="ertekelokSzama" id="796E3EAD-A563-0DD7-4DC6-420546E14E4F">
<createdBy>nagyandras95</createdBy>
<createdTime>2016-11-16 16:10:44 UTC</createdTime>
<generatorID>A11481C8-BB7B-0F3E-17A4-E00D9F9D8B04</generatorID>
<ownerDesignName>cramhead_logical_relational_final_final</ownerDesignName>
<nullsAllowed>true</nullsAllowed>
<useDomainConstraints>false</useDomainConstraints>
<use>1</use>
<logicalDatatype>LOGDT011</logicalDatatype>
<ownDataTypeParameters>,,</ownDataTypeParameters>
<autoIncrementCycle>false</autoIncrementCycle>
</Column>
<Column name="Tanfolyam_tanfolyamAzon" id="510E0338-975B-F712-886B-B38B43FDC2ED">
<createdBy>nagyandras95</createdBy>
<createdTime>2016-11-16 16:10:44 UTC</createdTime>
<generatorID>3187DE81-0CC3-25A2-DDCE-DD7688FBE8E2</generatorID>
<ownerDesignName>cramhead_logical_relational_final_final</ownerDesignName>
<nullsAllowed>true</nullsAllowed>
<useDomainConstraints>false</useDomainConstraints>
<use>1</use>
<logicalDatatype>LOGDT011</logicalDatatype>
<ownDataTypeParameters>,,</ownDataTypeParameters>
<previousColumn>false</previousColumn>
<autoIncrementCycle>false</autoIncrementCycle>
<associations>
<colAssociation fkAssociation="175503A9-3C17-919C-867E-39C25FF3603B" referredColumn="8B1414A4-0AB1-DAC4-AEC2-0E76BF8BFC26"/>
</associations>
</Column>
</columns>
<indexes itemClass="oracle.dbtools.crest.model.design.relational.Index">
<ind_PK_UK id="5BFCE472-84F9-F301-2279-54676ACE3B5B" name="TanfErt_Tanf_FK">
<createdBy>nagyandras95</createdBy>
<createdTime>2016-11-16 16:10:45 UTC</createdTime>
<generatorID>7E8A9CF6-CFF4-9F81-C1C8-585E53B047F8</generatorID>
<ownerDesignName>cramhead_logical_relational_final_final</ownerDesignName>
<indexState>Foreign Key</indexState>
<isSurrogateKey>false</isSurrogateKey>
<indexColumnUsage>
<colUsage columnID="510E0338-975B-F712-886B-B38B43FDC2ED"/>
</indexColumnUsage>
</ind_PK_UK>
</indexes>
</Table>