<?xml version = '1.0' encoding = 'UTF-8'?>
<Table class="oracle.dbtools.crest.model.design.relational.Table" directorySegmentName="seg_0" id="2FADA050-7661-3690-657A-B0B9BFF7B789" name="Foglalas">
<createdBy>mozsi</createdBy>
<createdTime>2016-11-26 17:32:09 UTC</createdTime>
<generatorID>BB33EDA6-D119-D62F-CE8C-DB38084D5EEF</generatorID>
<ownerDesignName>cramhead_final_after_inserting_data</ownerDesignName>
<importedID>A1A7078F-284D-E006-118A-DDCE31A657B2</importedID>
<allowColumnReorder>false</allowColumnReorder>
<existDependencyGenerateInDDl>true</existDependencyGenerateInDDl>
<parsed>true</parsed>
<columns itemClass="oracle.dbtools.crest.model.design.relational.Column">
<Column name="foglalasAzon" id="4E59E088-2FC7-7729-033D-80F7DC77D205">
<createdBy>mozsi</createdBy>
<createdTime>2016-11-26 17:32:09 UTC</createdTime>
<generatorID>ED030D2D-266C-0122-6D90-D93C1848E87F</generatorID>
<ownerDesignName>cramhead_final_after_inserting_data</ownerDesignName>
<importedID>E9A6BD23-ED3C-B878-CE83-6B74BC209264</importedID>
<useDomainConstraints>false</useDomainConstraints>
<use>1</use>
<logicalDatatype>LOGDT011</logicalDatatype>
<ownDataTypeParameters>,,</ownDataTypeParameters>
<autoIncrementCycle>false</autoIncrementCycle>
</Column>
<Column name="Tanfolyam_tanfolyamAzon" id="D5696733-8E19-45D1-8A7B-3872E523F2DD">
<createdBy>mozsi</createdBy>
<createdTime>2016-11-26 17:32:09 UTC</createdTime>
<ownerDesignName>cramhead_final_after_inserting_data</ownerDesignName>
<importedID>AB937ED7-488F-C22C-CA9C-1F1A9087B6CD</importedID>
<useDomainConstraints>false</useDomainConstraints>
<use>1</use>
<logicalDatatype>LOGDT024</logicalDatatype>
<dataTypeSize>15</dataTypeSize>
<ownDataTypeParameters>,,</ownDataTypeParameters>
<autoIncrementCycle>false</autoIncrementCycle>
<associations>
<colAssociation fkAssociation="EF6F0B2F-516A-C014-BF4E-6A771EB5912E" referredColumn="9D6D1837-0D67-BEC3-7B5E-4B0B6DCEC92B"/>
</associations>
</Column>
<Column name="Ugyfel_ugyfelAzon" id="1DC9A0A1-E662-6FDC-E306-C8CD2F68795B">
<createdBy>mozsi</createdBy>
<createdTime>2016-11-26 17:32:09 UTC</createdTime>
<generatorID>5E49140D-F5DA-5393-B7A6-3D9C9B753DCD</generatorID>
<ownerDesignName>cramhead_final_after_inserting_data</ownerDesignName>
<importedID>691798DA-2211-5D53-7647-3E345487AA3D</importedID>
<useDomainConstraints>false</useDomainConstraints>
<use>1</use>
<logicalDatatype>LOGDT011</logicalDatatype>
<ownDataTypeParameters>,,</ownDataTypeParameters>
<autoIncrementCycle>false</autoIncrementCycle>
<associations>
<colAssociation fkAssociation="0EB4682F-5FCB-1FBB-D815-DA95BF32E69E" referredColumn="9AEBC918-FD0D-252C-228A-5572B1B4A807"/>
</associations>
</Column>
<Column name="foglalasDatum" id="6AEC3ACB-6E6A-CAB6-7BF1-6A3EA502285A">
<createdBy>mozsi</createdBy>
<createdTime>2016-11-27 13:06:46 UTC</createdTime>
<ownerDesignName>cramhead_final_after_inserting_data</ownerDesignName>
<nullsAllowed>true</nullsAllowed>
<useDomainConstraints>false</useDomainConstraints>
<use>1</use>
<logicalDatatype>LOGDT007</logicalDatatype>
<ownDataTypeParameters>,,</ownDataTypeParameters>
<autoIncrementCycle>false</autoIncrementCycle>
</Column>
<Column name="ideiglenes" id="9B2B3EE2-8171-7788-F76F-B7FCB0A29DB9">
<createdBy>mozsi</createdBy>
<createdTime>2016-11-26 17:32:09 UTC</createdTime>
<generatorID>2C6CB9B4-CD72-1945-2C65-134306BF3ADA</generatorID>
<ownerDesignName>cramhead_final_after_inserting_data</ownerDesignName>
<importedID>F5FB382A-6A2B-D98F-6ADB-CDD1D259F069</importedID>
<useDomainConstraints>false</useDomainConstraints>
<use>1</use>
<logicalDatatype>LOGDT006</logicalDatatype>
<dataTypeSize>1</dataTypeSize>
<ownDataTypeParameters>1,,</ownDataTypeParameters>
<autoIncrementCycle>false</autoIncrementCycle>
</Column>
</columns>
<indexes itemClass="oracle.dbtools.crest.model.design.relational.Index">
<ind_PK_UK id="0B7E7E46-AC30-145C-1426-6D77C6B026AB" name="Foglalas_PK">
<createdBy>mozsi</createdBy>
<createdTime>2016-11-26 17:32:09 UTC</createdTime>
<generatorID>DF6FC293-D622-4DDD-A3CB-5F25FDE59928</generatorID>
<ownerDesignName>cramhead_final_after_inserting_data</ownerDesignName>
<importedID>1D0A0428-5BB1-8082-8631-2FCACB5AE9A2</importedID>
<pk>true</pk>
<indexState>Primary Constraint</indexState>
<isSurrogateKey>false</isSurrogateKey>
<indexColumnUsage>
<colUsage columnID="4E59E088-2FC7-7729-033D-80F7DC77D205"/>
</indexColumnUsage>
</ind_PK_UK>
<ind_PK_UK id="11D07CFA-2F1E-F3ED-2F8B-BAF4036B68D8" name="Foglalas_Ugyfel_FK">
<createdBy>mozsi</createdBy>
<createdTime>2016-11-26 17:32:09 UTC</createdTime>
<generatorID>8B7831E3-2284-B546-F585-900CAF021CBD</generatorID>
<ownerDesignName>cramhead_final_after_inserting_data</ownerDesignName>
<indexState>Foreign Key</indexState>
<isSurrogateKey>false</isSurrogateKey>
<indexColumnUsage>
<colUsage columnID="1DC9A0A1-E662-6FDC-E306-C8CD2F68795B"/>
</indexColumnUsage>
</ind_PK_UK>
<ind_PK_UK id="0666449E-6EE2-22F7-1783-E9A54982BA68" name="Foglalas_Tanfolyam_FK">
<createdBy>mozsi</createdBy>
<createdTime>2016-11-26 17:32:09 UTC</createdTime>
<generatorID>91F84A7A-1B87-5497-7758-15C72356EE30</generatorID>
<ownerDesignName>cramhead_final_after_inserting_data</ownerDesignName>
<indexState>Foreign Key</indexState>
<isSurrogateKey>false</isSurrogateKey>
<indexColumnUsage>
<colUsage columnID="D5696733-8E19-45D1-8A7B-3872E523F2DD"/>
</indexColumnUsage>
</ind_PK_UK>
</indexes>
</Table>