<?xml version = '1.0' encoding = 'UTF-8'?>
<Table class="oracle.dbtools.crest.model.design.relational.Table" directorySegmentName="seg_0" id="32DDAB7A-16F2-9378-534D-2FEF90F5A8EC" name="Arak">
<createdBy>mozsi</createdBy>
<createdTime>2016-11-26 17:32:09 UTC</createdTime>
<generatorID>1FE1F853-A6F9-F3F7-38BC-8B116BD2A773</generatorID>
<ownerDesignName>cramhead_final_after_inserting_data</ownerDesignName>
<importedID>51BBA4B4-7222-9089-4B6F-7F2A6E45B0AC</importedID>
<allowColumnReorder>false</allowColumnReorder>
<existDependencyGenerateInDDl>true</existDependencyGenerateInDDl>
<parsed>true</parsed>
<columns itemClass="oracle.dbtools.crest.model.design.relational.Column">
<Column name="datum" id="3640564B-DA96-AAE0-31D6-0771BC326198">
<createdBy>mozsi</createdBy>
<createdTime>2016-11-26 17:32:09 UTC</createdTime>
<generatorID>33B3704C-2E65-CB0C-3A5A-A475719ACE4B</generatorID>
<ownerDesignName>cramhead_final_after_inserting_data</ownerDesignName>
<importedID>3A27A756-5D50-5FEA-AE0D-B764B0E9D465</importedID>
<useDomainConstraints>false</useDomainConstraints>
<use>1</use>
<logicalDatatype>LOGDT007</logicalDatatype>
<ownDataTypeParameters>,,</ownDataTypeParameters>
<autoIncrementCycle>false</autoIncrementCycle>
</Column>
<Column name="megjegyzes" id="C2B8F9E0-C4BA-477C-3CE8-E78E6DD48B91">
<createdBy>mozsi</createdBy>
<createdTime>2016-11-26 17:32:09 UTC</createdTime>
<generatorID>F346B5AC-C389-9960-5788-37D1F1FF8ED4</generatorID>
<ownerDesignName>cramhead_final_after_inserting_data</ownerDesignName>
<importedID>18321C3D-5EE5-6E1E-C084-4CA1A625E51F</importedID>
<nullsAllowed>true</nullsAllowed>
<useDomainConstraints>false</useDomainConstraints>
<use>1</use>
<logicalDatatype>LOGDT024</logicalDatatype>
<dataTypeSize>20</dataTypeSize>
<ownDataTypeParameters>20,,</ownDataTypeParameters>
<autoIncrementCycle>false</autoIncrementCycle>
</Column>
<Column name="ar" id="1A22A17E-EB3F-0E62-CD46-45A15314316A">
<createdBy>mozsi</createdBy>
<createdTime>2016-11-26 17:32:09 UTC</createdTime>
<generatorID>DEB4B321-A4EF-EB6C-C260-E4EF060D0D7B</generatorID>
<ownerDesignName>cramhead_final_after_inserting_data</ownerDesignName>
<importedID>1CE0C063-95FF-A963-15E0-D0307776A8CD</importedID>
<nullsAllowed>true</nullsAllowed>
<useDomainConstraints>false</useDomainConstraints>
<use>1</use>
<logicalDatatype>LOGDT019</logicalDatatype>
<dataTypePrecision>10</dataTypePrecision>
<dataTypeScale>2</dataTypeScale>
<ownDataTypeParameters>,10,2</ownDataTypeParameters>
<autoIncrementCycle>false</autoIncrementCycle>
</Column>
<Column name="Tanfolyam_tipus_tipusAzon" id="36051911-C61C-BB73-3511-D2B5E74D2492">
<createdBy>mozsi</createdBy>
<createdTime>2016-11-26 17:32:09 UTC</createdTime>
<generatorID>A99806A9-C551-E229-987E-2CD74F069BED</generatorID>
<ownerDesignName>cramhead_final_after_inserting_data</ownerDesignName>
<importedID>BC46EBB3-7D8E-2EBE-915C-A96580534035</importedID>
<useDomainConstraints>false</useDomainConstraints>
<use>1</use>
<logicalDatatype>LOGDT024</logicalDatatype>
<dataTypeSize>5</dataTypeSize>
<ownDataTypeParameters>,,</ownDataTypeParameters>
<autoIncrementCycle>false</autoIncrementCycle>
<associations>
<colAssociation fkAssociation="A51D7D4B-3D88-093A-1BC8-408F794B298C" referredColumn="1E159650-F419-8330-29DC-4D40CA4513AB"/>
</associations>
</Column>
</columns>
<indexes itemClass="oracle.dbtools.crest.model.design.relational.Index">
<ind_PK_UK id="940EA049-063D-4943-FB4D-0C76FC52973C" name="Arak_Tanfolyam_tipus_FK">
<createdBy>mozsi</createdBy>
<createdTime>2016-11-26 17:32:09 UTC</createdTime>
<generatorID>7A7CEDD1-52F7-91DF-A1B6-36D7DD7CD6E7</generatorID>
<ownerDesignName>cramhead_final_after_inserting_data</ownerDesignName>
<indexState>Foreign Key</indexState>
<isSurrogateKey>false</isSurrogateKey>
<indexColumnUsage>
<colUsage columnID="36051911-C61C-BB73-3511-D2B5E74D2492"/>
</indexColumnUsage>
</ind_PK_UK>
</indexes>
</Table>