<?xml version = '1.0' encoding = 'UTF-8'?>
<Table class="oracle.dbtools.crest.model.design.relational.Table" directorySegmentName="seg_0" id="8210CE52-BB3B-A244-16B3-88B889024BD7" name="Kuldott">
<createdBy>mozsi</createdBy>
<createdTime>2016-11-26 17:32:09 UTC</createdTime>
<generatorID>FF6CE7A6-377A-EC90-50A8-B9A526084099</generatorID>
<ownerDesignName>cramhead_final_after_inserting_data</ownerDesignName>
<importedID>A4E21543-2BF3-A85A-3C3F-B6D0EBA832A3</importedID>
<allowColumnReorder>false</allowColumnReorder>
<existDependencyGenerateInDDl>true</existDependencyGenerateInDDl>
<parsed>true</parsed>
<columns itemClass="oracle.dbtools.crest.model.design.relational.Column">
<Column name="kuldottAzon" id="64D2D672-3351-790A-BBBF-0A7FD73884D7">
<createdBy>mozsi</createdBy>
<createdTime>2016-11-26 17:32:09 UTC</createdTime>
<generatorID>2121CCF4-087A-2840-0B8A-C527D10CE95F</generatorID>
<ownerDesignName>cramhead_final_after_inserting_data</ownerDesignName>
<importedID>43B94FCD-BA81-869D-CE50-D06146988DAF</importedID>
<useDomainConstraints>false</useDomainConstraints>
<use>1</use>
<logicalDatatype>LOGDT011</logicalDatatype>
<ownDataTypeParameters>,,</ownDataTypeParameters>
<autoIncrementCycle>false</autoIncrementCycle>
</Column>
<Column name="kuldottNev" id="1A7D59AE-3D59-51B0-036F-23FD1A081840">
<createdBy>mozsi</createdBy>
<createdTime>2016-11-26 17:32:09 UTC</createdTime>
<generatorID>C5D9A5AF-B1CD-225E-220F-0B172F51DD10</generatorID>
<ownerDesignName>cramhead_final_after_inserting_data</ownerDesignName>
<importedID>6723F2C9-92B6-9169-AA83-6F99828AF51E</importedID>
<useDomainConstraints>false</useDomainConstraints>
<use>1</use>
<logicalDatatype>LOGDT024</logicalDatatype>
<dataTypeSize>40</dataTypeSize>
<ownDataTypeParameters>40,,</ownDataTypeParameters>
<autoIncrementCycle>false</autoIncrementCycle>
</Column>
<Column name="Foglalas_foglalasAzon" id="7511B1C6-9AFE-E3B4-C178-B052E0F81D7F">
<createdBy>mozsi</createdBy>
<createdTime>2016-11-26 17:32:09 UTC</createdTime>
<generatorID>43063CE5-E68F-1892-10E1-F958DD764E4F</generatorID>
<ownerDesignName>cramhead_final_after_inserting_data</ownerDesignName>
<importedID>E524E496-FD6A-DF6B-7CCB-8A14B273F8BC</importedID>
<useDomainConstraints>false</useDomainConstraints>
<use>1</use>
<logicalDatatype>LOGDT011</logicalDatatype>
<ownDataTypeParameters>,,</ownDataTypeParameters>
<autoIncrementCycle>false</autoIncrementCycle>
<associations>
<colAssociation fkAssociation="F4D3FA44-72E7-1F8E-CF44-5567D098D0B6" referredColumn="4E59E088-2FC7-7729-033D-80F7DC77D205"/>
</associations>
</Column>
<Column name="keszenleti" id="7531620C-AF74-E13E-FE8D-C1C8BAB44216">
<createdBy>mozsi</createdBy>
<createdTime>2016-11-26 17:32:09 UTC</createdTime>
<ownerDesignName>cramhead_final_after_inserting_data</ownerDesignName>
<importedID>D3F285F1-C150-7736-6FBD-34A8EBE804D1</importedID>
<useDomainConstraints>false</useDomainConstraints>
<use>1</use>
<logicalDatatype>LOGDT025</logicalDatatype>
<dataTypeSize>1</dataTypeSize>
<ownDataTypeParameters>1,,</ownDataTypeParameters>
<autoIncrementCycle>false</autoIncrementCycle>
</Column>
<Column name="torolt" id="C7286B4B-B15B-DCD5-0E29-6CED2653823C">
<createdBy>mozsi</createdBy>
<createdTime>2016-11-26 17:32:09 UTC</createdTime>
<ownerDesignName>cramhead_final_after_inserting_data</ownerDesignName>
<importedID>558E9FE7-4239-7E54-FB69-1DD169E095E4</importedID>
<nullsAllowed>true</nullsAllowed>
<useDomainConstraints>false</useDomainConstraints>
<use>1</use>
<logicalDatatype>LOGDT006</logicalDatatype>
<dataTypeSize>1</dataTypeSize>
<ownDataTypeParameters>1,,</ownDataTypeParameters>
<autoIncrementCycle>false</autoIncrementCycle>
</Column>
</columns>
<indexes itemClass="oracle.dbtools.crest.model.design.relational.Index">
<ind_PK_UK id="B6D7D6BA-8EB4-40FB-F8BA-322427048FC4" name="Kuldott_PK">
<createdBy>mozsi</createdBy>
<createdTime>2016-11-26 17:32:09 UTC</createdTime>
<generatorID>4C51B043-0F71-7A09-5963-F519C7BF9886</generatorID>
<ownerDesignName>cramhead_final_after_inserting_data</ownerDesignName>
<importedID>579F8E66-3A04-B03B-D70C-87BFDFEEDBA0</importedID>
<pk>true</pk>
<indexState>Primary Constraint</indexState>
<isSurrogateKey>false</isSurrogateKey>
<indexColumnUsage>
<colUsage columnID="64D2D672-3351-790A-BBBF-0A7FD73884D7"/>
</indexColumnUsage>
</ind_PK_UK>
<ind_PK_UK id="DC8D6F29-D586-827C-B214-85C7D22E173F" name="Kuldott_Foglalas_FK">
<createdBy>mozsi</createdBy>
<createdTime>2016-11-26 17:32:09 UTC</createdTime>
<generatorID>FB42D8AE-434F-C6D1-5AF4-5D5DDE907EB7</generatorID>
<ownerDesignName>cramhead_final_after_inserting_data</ownerDesignName>
<indexState>Foreign Key</indexState>
<isSurrogateKey>false</isSurrogateKey>
<indexColumnUsage>
<colUsage columnID="7511B1C6-9AFE-E3B4-C178-B052E0F81D7F"/>
</indexColumnUsage>
</ind_PK_UK>
</indexes>
</Table>