<?xml version = '1.0' encoding = 'UTF-8'?>
<relationalModel class="oracle.dbtools.crest.model.design.relational.RelationalDesign" name="Relational_1" id="6750957A-6FB3-A1AE-255A-D764FFC1F6DC" mainViewID="EDF53304-1D83-D8FD-4633-39404E81A2F9">
<createdBy>mozsi</createdBy>
<createdTime>2016-11-01 14:24:31 UTC</createdTime>
<ownerDesignName>cramhead_logical</ownerDesignName>
<shouldBeOpen>false</shouldBeOpen>
<selectedRDBMSSite>32076570-2523-435C-2E92-BF29817DFF70</selectedRDBMSSite>
</relationalModel>