<?xml version = '1.0' encoding = 'UTF-8'?>
<Diagram class="oracle.dbtools.crest.swingui.logical.DPVLogical" name="Logical" id="7D0769A2-8678-8527-94EA-2A6B726E86E1">
<createdBy>mozsi</createdBy>
<modifiedBy>mozsi</modifiedBy>
<createdTime>2016-10-30 12:46:26 UTC</createdTime>
<autoRoute>false</autoRoute>
<boxInbox>true</boxInbox>
<showLegend>false</showLegend>
<showLabels>false</showLabels>
<showRelAttributes>false</showRelAttributes>
<gridEnabled>false</gridEnabled>
<showGrid>false</showGrid>
<diagramColor>-1</diagramColor>
<display>false</display>
<notation>1</notation>
<objectViews>
<OView class="oracle.dbtools.crest.swingui.logical.TVEntity" oid="06E6CFEE-9DC7-D0C4-3E14-B307CA1263E2" otype="Entity" vid="DF880D19-AAD6-3CB8-47BE-047AEB6AE841">
<hideElementsInCurrentOnly>false</hideElementsInCurrentOnly>
<bounds x="205" y="277" width="101" height="83"/>
</OView>
<OView class="oracle.dbtools.crest.swingui.logical.TVEntity" oid="45527ECD-B1B5-3AA4-4F45-ACFA46D3C5D3" otype="Entity" vid="8410DDB7-D496-0A01-D191-3C2D2CF8B901">
<hideElementsInCurrentOnly>false</hideElementsInCurrentOnly>
<bounds x="24" y="29" width="121" height="176"/>
</OView>
<OView class="oracle.dbtools.crest.swingui.logical.TVEntity" oid="92007CE4-2F64-E2ED-D3B9-D465B3BB184F" otype="Entity" vid="C7220D3F-97C4-E707-0139-C416BB5ED468">
<hideElementsInCurrentOnly>false</hideElementsInCurrentOnly>
<bounds x="380" y="296" width="154" height="62"/>
</OView>
<OView class="oracle.dbtools.crest.swingui.logical.TVEntity" oid="BCB229AA-19E9-9575-F6B5-76E1E3D61A94" otype="Entity" vid="141B9419-3A13-BDB9-8D9C-760B01C838F5">
<hideElementsInCurrentOnly>false</hideElementsInCurrentOnly>
<bounds x="382" y="40" width="127" height="54"/>
</OView>
<OView class="oracle.dbtools.crest.swingui.logical.TVEntity" oid="C940878A-7897-6B68-0B0B-892481DEF060" otype="Entity" vid="1BC622B5-97A0-C11F-C12F-8B474C3CB104">
<hideElementsInCurrentOnly>false</hideElementsInCurrentOnly>
<bounds x="384" y="123" width="95" height="52"/>
</OView>
<OView class="oracle.dbtools.crest.swingui.logical.TVEntity" oid="CBF294C7-3E01-E397-E034-98F877732D40" otype="Entity" vid="2034B632-C18A-1E8D-F393-1BDCD356AB91">
<hideElementsInCurrentOnly>false</hideElementsInCurrentOnly>
<bounds x="602" y="274" width="121" height="88"/>
</OView>
<OView class="oracle.dbtools.crest.swingui.logical.TVEntity" oid="E901B681-DFB4-E866-6494-F28F129244B5" otype="Entity" vid="152F6DE2-C96D-2665-604B-F789A054D4C8">
<hideElementsInCurrentOnly>false</hideElementsInCurrentOnly>
<bounds x="195" y="28" width="111" height="154"/>
</OView>
<OView class="oracle.dbtools.crest.swingui.logical.TVEntity" oid="E9A55A68-9AC1-D6D5-3D2E-8DAFAFA20F32" otype="Entity" vid="5D6F7D5B-D7A6-4D3A-0FA9-569D19251034">
<hideElementsInCurrentOnly>false</hideElementsInCurrentOnly>
<bounds x="585" y="119" width="113" height="96"/>
</OView>
<OView class="oracle.dbtools.crest.swingui.logical.TVEntity" oid="FF9E60F4-D6A2-32AE-467A-E4981C5D92D4" otype="Entity" vid="5970FC42-7AFC-A250-8B10-B4681E89D657">
<hideElementsInCurrentOnly>false</hideElementsInCurrentOnly>
<bounds x="23" y="248" width="125" height="108"/>
</OView>
</objectViews>
<connectors>
<Connector class="oracle.dbtools.crest.swingui.logical.TVRelation" oid="04371C0C-9B48-7499-65A6-D3F312135A60" otype="Relation" vid_source="141B9419-3A13-BDB9-8D9C-760B01C838F5" vid_target="152F6DE2-C96D-2665-604B-F789A054D4C8">
<hideElementsInCurrentOnly>false</hideElementsInCurrentOnly>
<lineWidth>1</lineWidth>
<points>
<point x="382" y="67"/>
<point x="306" y="67"/>
</points>
</Connector>
<Connector class="oracle.dbtools.crest.swingui.logical.TVRelation" oid="334C5F09-C11D-7FCB-008D-7C2B79DA8641" otype="Relation" vid_source="C7220D3F-97C4-E707-0139-C416BB5ED468" vid_target="DF880D19-AAD6-3CB8-47BE-047AEB6AE841">
<hideElementsInCurrentOnly>false</hideElementsInCurrentOnly>
<lineWidth>1</lineWidth>
<points>
<point x="380" y="327"/>
<point x="306" y="327"/>
</points>
</Connector>
<Connector class="oracle.dbtools.crest.swingui.logical.TVRelation" oid="62F2BDA1-2332-6795-C12F-2847A7F66D08" otype="Relation" vid_source="5D6F7D5B-D7A6-4D3A-0FA9-569D19251034" vid_target="1BC622B5-97A0-C11F-C12F-8B474C3CB104">
<hideElementsInCurrentOnly>false</hideElementsInCurrentOnly>
<lineWidth>1</lineWidth>
<points>
<point x="585" y="149"/>
<point x="479" y="149"/>
</points>
</Connector>
<Connector class="oracle.dbtools.crest.swingui.logical.TVRelation" oid="6A60FD0A-4E61-53F3-45FB-C022DC2DFD1B" otype="Relation" vid_source="2034B632-C18A-1E8D-F393-1BDCD356AB91" vid_target="C7220D3F-97C4-E707-0139-C416BB5ED468">
<hideElementsInCurrentOnly>false</hideElementsInCurrentOnly>
<lineWidth>1</lineWidth>
<points>
<point x="602" y="327"/>
<point x="534" y="327"/>
</points>
</Connector>
<Connector class="oracle.dbtools.crest.swingui.logical.TVRelation" oid="A1155271-D747-AA71-5C61-CD356437EAF7" otype="Relation" vid_source="8410DDB7-D496-0A01-D191-3C2D2CF8B901" vid_target="5970FC42-7AFC-A250-8B10-B4681E89D657">
<hideElementsInCurrentOnly>false</hideElementsInCurrentOnly>
<lineWidth>1</lineWidth>
<points>
<point x="84" y="205"/>
<point x="84" y="248"/>
</points>
</Connector>
<Connector class="oracle.dbtools.crest.swingui.logical.TVRelation" oid="B92031CE-2878-FAFF-E402-47C986F41BCB" otype="Relation" vid_source="152F6DE2-C96D-2665-604B-F789A054D4C8" vid_target="DF880D19-AAD6-3CB8-47BE-047AEB6AE841">
<hideElementsInCurrentOnly>false</hideElementsInCurrentOnly>
<lineWidth>1</lineWidth>
<points>
<point x="255" y="182"/>
<point x="255" y="277"/>
</points>
</Connector>
<Connector class="oracle.dbtools.crest.swingui.logical.TVRelation" oid="DA424803-D193-1BA0-5016-246AD5378F3C" otype="Relation" vid_source="5D6F7D5B-D7A6-4D3A-0FA9-569D19251034" vid_target="2034B632-C18A-1E8D-F393-1BDCD356AB91">
<hideElementsInCurrentOnly>false</hideElementsInCurrentOnly>
<lineWidth>1</lineWidth>
<points>
<point x="650" y="215"/>
<point x="650" y="274"/>
</points>
</Connector>
<Connector class="oracle.dbtools.crest.swingui.logical.TVRelation" oid="F169E4E4-BB4C-EDA2-6880-66CDEE089E8B" otype="Relation" vid_source="152F6DE2-C96D-2665-604B-F789A054D4C8" vid_target="1BC622B5-97A0-C11F-C12F-8B474C3CB104">
<hideElementsInCurrentOnly>false</hideElementsInCurrentOnly>
<lineWidth>1</lineWidth>
<points>
<point x="306" y="149"/>
<point x="384" y="149"/>
</points>
</Connector>
<Connector class="oracle.dbtools.crest.swingui.logical.TVRelation" oid="F7C9C92B-B239-8B1B-0BAB-537029EB4CAF" otype="Relation" vid_source="DF880D19-AAD6-3CB8-47BE-047AEB6AE841" vid_target="5970FC42-7AFC-A250-8B10-B4681E89D657">
<hideElementsInCurrentOnly>false</hideElementsInCurrentOnly>
<lineWidth>1</lineWidth>
<points>
<point x="205" y="316"/>
<point x="148" y="316"/>
</points>
</Connector>
</connectors>
</Diagram>