<?xml version = '1.0' encoding = 'UTF-8'?>
<Diagram class="oracle.dbtools.crest.swingui.process.DPVProcess" name="Data Flow Diagram_1" id="92E7DE83-649E-0E9C-0429-B6E598B7752C">
<createdBy>mozsik</createdBy>
<modifiedBy>mozsik</modifiedBy>
<createdTime>2016-10-04 16:03:15 UTC</createdTime>
<autoRoute>false</autoRoute>
<boxInbox>true</boxInbox>
<showLegend>false</showLegend>
<showLabels>true</showLabels>
<showRelAttributes>false</showRelAttributes>
<gridEnabled>false</gridEnabled>
<showGrid>false</showGrid>
<diagramColor>-1</diagramColor>
<display>false</display>
<notation>1</notation>
<objectViews>
<OView class="oracle.dbtools.crest.swingui.process.TVInfoStore" oid="20D83495-0BE2-9D14-7CC8-EB3F1B18E365" otype="InfoStore" vid="28772F47-89A7-6AC4-F53C-79270DA408F2">
<hideElementsInCurrentOnly>false</hideElementsInCurrentOnly>
<bounds x="286" y="241" width="104" height="39"/>
</OView>
<OView class="oracle.dbtools.crest.swingui.process.TVProcess" oid="6DF6CD71-0EED-C7B2-1731-553964C103C9" otype="Process" vid="E91BE9FE-B3EF-66AF-8613-EEEB50071866">
<hideElementsInCurrentOnly>false</hideElementsInCurrentOnly>
<bounds x="259" y="115" width="175" height="85"/>
</OView>
<OView class="oracle.dbtools.crest.swingui.process.TVAgent" oid="C12D41FA-8690-2B5E-D296-EC3A700809DD" otype="ExtAgent" vid="7AB83EBB-8588-9C78-F01D-7A46A0E2532B">
<hideElementsInCurrentOnly>false</hideElementsInCurrentOnly>
<bounds x="28" y="126" width="108" height="62"/>
</OView>
</objectViews>
<connectors>
<Connector class="oracle.dbtools.crest.swingui.process.TVFlow" oid="B7491DF1-AAE6-C620-2509-2B14DFC7F001" otype="Flow" vid_source="7AB83EBB-8588-9C78-F01D-7A46A0E2532B" vid_target="E91BE9FE-B3EF-66AF-8613-EEEB50071866">
<hideElementsInCurrentOnly>false</hideElementsInCurrentOnly>
<lineWidth>1</lineWidth>
<centerLabel class="oracle.dbtools.crest.model.design.Label">
<site>1</site>
<labelBounds x="-23" y="-11" width="44" height="20"/>
<fonts itemClass="oracle.dbtools.crest.model.design.FontObjectWr">
<FontObject>
<foType>Text</foType>
<colorRGB>-16777216</colorRGB>
</FontObject>
</fonts>
</centerLabel>
<points>
<point x="136" y="157"/>
<point x="259" y="157"/>
</points>
</Connector>
</connectors>
</Diagram>