<?xml version = '1.0' encoding = 'UTF-8'?>
<Diagram class="oracle.dbtools.crest.swingui.logical.DPVLogical" name="Logical" id="66F42BEC-76CB-CD41-B514-573F94103C9B">
<createdBy>mozsi</createdBy>
<modifiedBy>mozsi</modifiedBy>
<createdTime>2016-11-01 14:25:01 UTC</createdTime>
<autoRoute>false</autoRoute>
<boxInbox>true</boxInbox>
<showLegend>false</showLegend>
<showLabels>false</showLabels>
<showRelAttributes>false</showRelAttributes>
<gridEnabled>false</gridEnabled>
<showGrid>false</showGrid>
<diagramColor>-1</diagramColor>
<display>false</display>
<notation>1</notation>
<objectViews>
<OView class="oracle.dbtools.crest.swingui.logical.TVEntity" oid="3204CB67-749F-99FC-5D3E-7D417272CA78" otype="Entity" vid="8657BBA8-E0B5-C049-A0C6-3DD684BC6B04">
<hideElementsInCurrentOnly>false</hideElementsInCurrentOnly>
<bounds x="168" y="215" width="123" height="64"/>
</OView>
<OView class="oracle.dbtools.crest.swingui.logical.TVEntity" oid="3EE3815C-C524-FB62-8D38-1AB6C5CBC088" otype="Entity" vid="F4A79CEB-A571-7DA9-F6A9-F0E71B27710F">
<hideElementsInCurrentOnly>false</hideElementsInCurrentOnly>
<bounds x="619" y="206" width="126" height="57"/>
</OView>
<OView class="oracle.dbtools.crest.swingui.logical.TVEntity" oid="69DB3AFA-BA3A-0950-E26D-E1F173EFC5B0" otype="Entity" vid="452BA4C4-6201-9E00-FE0E-B5E3EE788FA6">
<hideElementsInCurrentOnly>false</hideElementsInCurrentOnly>
<bounds x="460" y="48" width="107" height="49"/>
</OView>
<OView class="oracle.dbtools.crest.swingui.logical.TVEntity" oid="95C4B0E2-8E9F-E2E6-4917-03879EB0AF9D" otype="Entity" vid="554E2003-EA05-AF7D-3E2A-9389A7E99795">
<hideElementsInCurrentOnly>false</hideElementsInCurrentOnly>
<bounds x="428" y="178" width="97" height="92"/>
</OView>
<OView class="oracle.dbtools.crest.swingui.logical.TVEntity" oid="97C27768-C3D1-75F6-5FCE-E54E95945A1A" otype="Entity" vid="0CC27F70-9E45-DBD9-43FE-F4B794B1FF2A">
<hideElementsInCurrentOnly>false</hideElementsInCurrentOnly>
<bounds x="745" y="69" width="96" height="79"/>
</OView>
<OView class="oracle.dbtools.crest.swingui.logical.TVEntity" oid="9C57123C-BA61-A6CF-0609-88A22F88C7C1" otype="Entity" vid="8B7CE647-089E-907A-C356-EA3A12720CE8">
<hideElementsInCurrentOnly>false</hideElementsInCurrentOnly>
<bounds x="306" y="143" width="78" height="70"/>
</OView>
<OView class="oracle.dbtools.crest.swingui.logical.TVEntity" oid="9D43E107-F7D5-7496-6F61-E98E62942F5F" otype="Entity" vid="FDF4698B-B166-9051-F673-58566145898E">
<hideElementsInCurrentOnly>false</hideElementsInCurrentOnly>
<bounds x="157" y="38" width="80" height="85"/>
</OView>
<OView class="oracle.dbtools.crest.swingui.logical.TVEntity" oid="B2162702-C499-CBE2-7A2C-AE5AB95B3D52" otype="Entity" vid="1C21FBE8-B53F-C8E1-D276-B80B8CD6C000">
<hideElementsInCurrentOnly>false</hideElementsInCurrentOnly>
<bounds x="299" y="34" width="130" height="83"/>
</OView>
</objectViews>
<connectors>
<Connector class="oracle.dbtools.crest.swingui.logical.TVRelation" oid="286F9483-9284-6802-0BF5-A92FEAA0BF1F" otype="Relation" vid_source="1C21FBE8-B53F-C8E1-D276-B80B8CD6C000" vid_target="FDF4698B-B166-9051-F673-58566145898E">
<hideElementsInCurrentOnly>false</hideElementsInCurrentOnly>
<lineWidth>1</lineWidth>
<points>
<point x="299" y="77"/>
<point x="237" y="77"/>
</points>
</Connector>
<Connector class="oracle.dbtools.crest.swingui.logical.TVRelation" oid="42447DC3-0829-7828-FAE9-3998BE05624A" otype="Relation" vid_source="554E2003-EA05-AF7D-3E2A-9389A7E99795" vid_target="8657BBA8-E0B5-C049-A0C6-3DD684BC6B04">
<hideElementsInCurrentOnly>false</hideElementsInCurrentOnly>
<lineWidth>1</lineWidth>
<points>
<point x="428" y="242"/>
<point x="291" y="242"/>
</points>
</Connector>
<Connector class="oracle.dbtools.crest.swingui.logical.TVRelation" oid="5B16891D-4C9C-34C5-4630-B02E240B2BE5" otype="Relation" vid_source="554E2003-EA05-AF7D-3E2A-9389A7E99795" vid_target="8B7CE647-089E-907A-C356-EA3A12720CE8">
<hideElementsInCurrentOnly>false</hideElementsInCurrentOnly>
<lineWidth>1</lineWidth>
<points>
<point x="428" y="202"/>
<point x="384" y="202"/>
</points>
</Connector>
<Connector class="oracle.dbtools.crest.swingui.logical.TVRelation" oid="993A97B4-A5DB-509F-0080-448A732FE4A6" otype="Relation" vid_source="1C21FBE8-B53F-C8E1-D276-B80B8CD6C000" vid_target="8B7CE647-089E-907A-C356-EA3A12720CE8">
<hideElementsInCurrentOnly>false</hideElementsInCurrentOnly>
<lineWidth>1</lineWidth>
<points>
<point x="345" y="117"/>
<point x="345" y="143"/>
</points>
</Connector>
<Connector class="oracle.dbtools.crest.swingui.logical.TVRelation" oid="BD373F4B-8FE7-8BDB-DB5F-36DB76B3329A" otype="Relation" vid_source="FDF4698B-B166-9051-F673-58566145898E" vid_target="8657BBA8-E0B5-C049-A0C6-3DD684BC6B04">
<hideElementsInCurrentOnly>false</hideElementsInCurrentOnly>
<lineWidth>1</lineWidth>
<points>
<point x="202" y="123"/>
<point x="202" y="215"/>
</points>
</Connector>
<Connector class="oracle.dbtools.crest.swingui.logical.TVRelation" oid="C7FB470C-8AB6-75D5-3D91-6BF61B604B98" otype="Relation" vid_source="F4A79CEB-A571-7DA9-F6A9-F0E71B27710F" vid_target="554E2003-EA05-AF7D-3E2A-9389A7E99795">
<hideElementsInCurrentOnly>false</hideElementsInCurrentOnly>
<lineWidth>1</lineWidth>
<points>
<point x="619" y="244"/>
<point x="525" y="244"/>
</points>
</Connector>
<Connector class="oracle.dbtools.crest.swingui.logical.TVRelation" oid="D30B57C6-563F-D176-39FA-3CA4A9AC3A12" otype="Relation" vid_source="554E2003-EA05-AF7D-3E2A-9389A7E99795" vid_target="452BA4C4-6201-9E00-FE0E-B5E3EE788FA6">
<hideElementsInCurrentOnly>false</hideElementsInCurrentOnly>
<lineWidth>1</lineWidth>
<points>
<point x="507" y="178"/>
<point x="507" y="97"/>
</points>
</Connector>
</connectors>
</Diagram>