<?xml version = '1.0' encoding = 'UTF-8'?>
<Diagram class="oracle.dbtools.crest.swingui.logical.DPVLogical" name="Logical" id="FA659450-C971-0EE3-2DF4-B5E68AAEDD0F">
<createdBy>mozsi</createdBy>
<modifiedBy>mozsi</modifiedBy>
<createdTime>2016-10-27 19:42:32 UTC</createdTime>
<autoRoute>false</autoRoute>
<boxInbox>true</boxInbox>
<showLegend>false</showLegend>
<showLabels>false</showLabels>
<showRelAttributes>false</showRelAttributes>
<gridEnabled>false</gridEnabled>
<showGrid>false</showGrid>
<diagramColor>-1</diagramColor>
<display>false</display>
<notation>1</notation>
<objectViews>
<OView class="oracle.dbtools.crest.swingui.logical.TVEntity" oid="175E7AD5-33C1-1EFA-ECEA-9B4D26CAA514" otype="Entity" vid="BCBF73FF-707B-505B-A36D-C3BE540F5D2C">
<hideElementsInCurrentOnly>false</hideElementsInCurrentOnly>
<bounds x="745" y="69" width="96" height="79"/>
</OView>
<OView class="oracle.dbtools.crest.swingui.logical.TVEntity" oid="2609EF49-1FF3-11A7-7565-E3CF51A9B98F" otype="Entity" vid="3554F4F3-7637-4578-44CC-5211D166A3A5">
<hideElementsInCurrentOnly>false</hideElementsInCurrentOnly>
<bounds x="569" y="89" width="110" height="93"/>
</OView>
<OView class="oracle.dbtools.crest.swingui.logical.TVEntity" oid="2D33D1DD-B3E3-A456-93FB-BA7588571B1A" otype="Entity" vid="56F18E0F-CCB3-B143-3908-2FBDAF69AECE">
<hideElementsInCurrentOnly>false</hideElementsInCurrentOnly>
<bounds x="336" y="282" width="123" height="64"/>
</OView>
<OView class="oracle.dbtools.crest.swingui.TVNote" oid="3E4CB84E-C957-318E-F6B3-C72BEDDC901B" otype="Note" vid="F0EC6B6B-6C4D-B300-825A-43C029956F7E">
<hideElementsInCurrentOnly>false</hideElementsInCurrentOnly>
<bounds x="385" y="73" width="163" height="80"/>
<comment>résztvevő küldöttek hol lesznek tárolva?&lt;br/&gt;a tanfolyam értékeléshez szükséges még a számla is a résztvevőkről.</comment>
</OView>
<OView class="oracle.dbtools.crest.swingui.logical.TVEntity" oid="946915AD-4881-8EE5-0F83-516E78D44301" otype="Entity" vid="DBC82F77-F12D-F815-BA29-FB68CBCFDEFD">
<hideElementsInCurrentOnly>false</hideElementsInCurrentOnly>
<bounds x="339" y="174" width="78" height="70"/>
</OView>
<OView class="oracle.dbtools.crest.swingui.logical.TVEntity" oid="A2E9C160-BF06-FAEF-5301-BA0CCFE59E84" otype="Entity" vid="A886C445-FC9E-A5BC-C80C-6D170A746DAF">
<hideElementsInCurrentOnly>false</hideElementsInCurrentOnly>
<bounds x="157" y="147" width="130" height="83"/>
</OView>
<OView class="oracle.dbtools.crest.swingui.logical.TVEntity" oid="C08D3105-096F-D929-A65B-F448C325B20E" otype="Entity" vid="DBF124A4-8501-67B0-06B7-72D777E92EC5">
<hideElementsInCurrentOnly>false</hideElementsInCurrentOnly>
<bounds x="697" y="235" width="126" height="57"/>
</OView>
<OView class="oracle.dbtools.crest.swingui.logical.TVEntity" oid="ED09EF3C-A6CF-7A5C-B58D-31A8B729D29D" otype="Entity" vid="4B856840-D320-EB8C-2285-4334E4728543">
<hideElementsInCurrentOnly>false</hideElementsInCurrentOnly>
<bounds x="517" y="217" width="127" height="99"/>
</OView>
<OView class="oracle.dbtools.crest.swingui.logical.TVEntity" oid="F7A7E6FD-3020-4DBF-A220-8740CA98283F" otype="Entity" vid="C8D5718E-4D08-EA4E-B8A5-92656163CD96">
<hideElementsInCurrentOnly>false</hideElementsInCurrentOnly>
<bounds x="177" y="281" width="80" height="85"/>
</OView>
</objectViews>
<connectors>
<Connector class="oracle.dbtools.crest.swingui.logical.TVRelation" oid="23045A46-39DA-EB89-CDAC-CEEDDD8C0C1B" otype="Relation" vid_source="DBF124A4-8501-67B0-06B7-72D777E92EC5" vid_target="4B856840-D320-EB8C-2285-4334E4728543">
<hideElementsInCurrentOnly>false</hideElementsInCurrentOnly>
<lineWidth>1</lineWidth>
<points>
<point x="697" y="263"/>
<point x="644" y="263"/>
</points>
</Connector>
<Connector class="oracle.dbtools.crest.swingui.logical.TVRelation" oid="37DBB48E-14AF-CFBE-6FD8-1D7635366EBF" otype="Relation" vid_source="A886C445-FC9E-A5BC-C80C-6D170A746DAF" vid_target="C8D5718E-4D08-EA4E-B8A5-92656163CD96">
<hideElementsInCurrentOnly>false</hideElementsInCurrentOnly>
<lineWidth>1</lineWidth>
<points>
<point x="217" y="230"/>
<point x="217" y="281"/>
</points>
</Connector>
<Connector class="oracle.dbtools.crest.swingui.logical.TVRelation" oid="736E2859-EEB2-4A1E-60F5-7A686E9CB8FD" otype="Relation" vid_source="C8D5718E-4D08-EA4E-B8A5-92656163CD96" vid_target="56F18E0F-CCB3-B143-3908-2FBDAF69AECE">
<hideElementsInCurrentOnly>false</hideElementsInCurrentOnly>
<lineWidth>1</lineWidth>
<points>
<point x="257" y="314"/>
<point x="336" y="314"/>
</points>
</Connector>
<Connector class="oracle.dbtools.crest.swingui.logical.TVRelation" oid="9308ACDE-7424-E5C2-ED7E-F09D9B333FC6" otype="Relation" vid_source="A886C445-FC9E-A5BC-C80C-6D170A746DAF" vid_target="DBC82F77-F12D-F815-BA29-FB68CBCFDEFD">
<hideElementsInCurrentOnly>false</hideElementsInCurrentOnly>
<lineWidth>1</lineWidth>
<points>
<point x="287" y="202"/>
<point x="339" y="202"/>
</points>
</Connector>
<Connector class="oracle.dbtools.crest.swingui.logical.TVRelation" oid="A95EC2D0-58D8-66DD-6920-5F46F561B498" otype="Relation" vid_source="4B856840-D320-EB8C-2285-4334E4728543" vid_target="56F18E0F-CCB3-B143-3908-2FBDAF69AECE">
<hideElementsInCurrentOnly>false</hideElementsInCurrentOnly>
<lineWidth>1</lineWidth>
<points>
<point x="517" y="299"/>
<point x="459" y="299"/>
</points>
</Connector>
<Connector class="oracle.dbtools.crest.swingui.logical.TVRelation" oid="D1AC75DC-145C-232A-7030-910B79E5FE3D" otype="Relation" vid_source="DBC82F77-F12D-F815-BA29-FB68CBCFDEFD" vid_target="4B856840-D320-EB8C-2285-4334E4728543">
<hideElementsInCurrentOnly>false</hideElementsInCurrentOnly>
<lineWidth>1</lineWidth>
<points>
<point x="417" y="230"/>
<point x="517" y="230"/>
</points>
</Connector>
</connectors>
</Diagram>