<?xml version = '1.0' encoding = 'UTF-8'?>
<Table class="oracle.dbtools.crest.model.design.relational.Table" directorySegmentName="seg_0" id="51BBA4B4-7222-9089-4B6F-7F2A6E45B0AC" name="Arak">
<createdBy>nagy</createdBy>
<createdTime>2016-11-22 13:51:51 UTC</createdTime>
<generatorID>8498B096-B969-73A1-C902-42A5F7C87C32</generatorID>
<ownerDesignName>cramhead_relational_model_</ownerDesignName>
<importedID>F804A8D0-29F2-CC81-D32C-8EFEBB214619</importedID>
<allowColumnReorder>false</allowColumnReorder>
<existDependencyGenerateInDDl>true</existDependencyGenerateInDDl>
<parsed>true</parsed>
<columns itemClass="oracle.dbtools.crest.model.design.relational.Column">
<Column name="datum" id="3A27A756-5D50-5FEA-AE0D-B764B0E9D465">
<createdBy>nagy</createdBy>
<createdTime>2016-11-22 13:51:51 UTC</createdTime>
<generatorID>734FD4B8-D561-CFD7-FFCF-03E70C3C9187</generatorID>
<ownerDesignName>cramhead_relational_model_</ownerDesignName>
<importedID>E1553280-6277-19F3-2DEF-5B8834156B45</importedID>
<useDomainConstraints>false</useDomainConstraints>
<use>1</use>
<logicalDatatype>LOGDT007</logicalDatatype>
<ownDataTypeParameters>,,</ownDataTypeParameters>
<autoIncrementCycle>false</autoIncrementCycle>
</Column>
<Column name="megjegyzes" id="18321C3D-5EE5-6E1E-C084-4CA1A625E51F">
<createdBy>nagy</createdBy>
<createdTime>2016-11-22 13:51:51 UTC</createdTime>
<generatorID>6706D759-6C94-D9BE-F8EC-A576C0FA39E3</generatorID>
<ownerDesignName>cramhead_relational_model_</ownerDesignName>
<importedID>2C1864D3-75AB-634F-F78E-8790C2DAD76A</importedID>
<nullsAllowed>true</nullsAllowed>
<useDomainConstraints>false</useDomainConstraints>
<use>1</use>
<logicalDatatype>LOGDT024</logicalDatatype>
<dataTypeSize>20</dataTypeSize>
<ownDataTypeParameters>20,,</ownDataTypeParameters>
<autoIncrementCycle>false</autoIncrementCycle>
</Column>
<Column name="ar" id="1CE0C063-95FF-A963-15E0-D0307776A8CD">
<createdBy>nagy</createdBy>
<createdTime>2016-11-22 13:51:51 UTC</createdTime>
<generatorID>0888A0B0-6678-2BB6-F497-E31324526FFF</generatorID>
<ownerDesignName>cramhead_relational_model_</ownerDesignName>
<importedID>CCF879E7-4536-6F0E-D5FE-D310FE8EA98F</importedID>
<nullsAllowed>true</nullsAllowed>
<useDomainConstraints>false</useDomainConstraints>
<use>1</use>
<logicalDatatype>LOGDT019</logicalDatatype>
<dataTypePrecision>10</dataTypePrecision>
<dataTypeScale>2</dataTypeScale>
<ownDataTypeParameters>,10,2</ownDataTypeParameters>
<autoIncrementCycle>false</autoIncrementCycle>
</Column>
<Column name="Tanfolyam_tipus_tipusAzon" id="BC46EBB3-7D8E-2EBE-915C-A96580534035">
<createdBy>nagy</createdBy>
<createdTime>2016-11-22 13:51:51 UTC</createdTime>
<generatorID>75C5BD1D-D15C-679F-9589-5F6E3FDB7C85</generatorID>
<ownerDesignName>cramhead_relational_model_</ownerDesignName>
<importedID>0C796FC1-7F62-974C-8B62-BCD7D6F3B036</importedID>
<useDomainConstraints>false</useDomainConstraints>
<use>1</use>
<logicalDatatype>LOGDT011</logicalDatatype>
<ownDataTypeParameters>,,</ownDataTypeParameters>
<autoIncrementCycle>false</autoIncrementCycle>
<associations>
<colAssociation fkAssociation="8B0571DE-5029-BB51-47A9-D3B38920E044" referredColumn="4D934727-6788-FE7E-7130-065533461567"/>
</associations>
</Column>
</columns>
<indexes itemClass="oracle.dbtools.crest.model.design.relational.Index">
<ind_PK_UK id="B17E8F15-920B-42DB-1636-78F9F317D64E" name="Arak_Tanfolyam_tipus_FK">
<createdBy>nagy</createdBy>
<createdTime>2016-11-22 13:51:51 UTC</createdTime>
<generatorID>7A7CEDD1-52F7-91DF-A1B6-36D7DD7CD6E7</generatorID>
<ownerDesignName>cramhead_relational_model_</ownerDesignName>
<indexState>Foreign Key</indexState>
<isSurrogateKey>false</isSurrogateKey>
<indexColumnUsage>
<colUsage columnID="BC46EBB3-7D8E-2EBE-915C-A96580534035"/>
</indexColumnUsage>
</ind_PK_UK>
</indexes>
</Table>