<?xml version = '1.0' encoding = 'UTF-8'?>
<Table class="oracle.dbtools.crest.model.design.relational.Table" directorySegmentName="seg_0" id="5934012A-4A98-1034-539B-1CAD68B3C74F" name="Szalloda">
<createdBy>nagy</createdBy>
<createdTime>2016-11-22 13:51:51 UTC</createdTime>
<generatorID>982EDEA0-3A21-EAD8-A7F1-20B5325F8F97</generatorID>
<ownerDesignName>cramhead_relational_model_</ownerDesignName>
<importedID>9587471B-226F-C758-CA44-AEB8DA831510</importedID>
<allowColumnReorder>false</allowColumnReorder>
<existDependencyGenerateInDDl>true</existDependencyGenerateInDDl>
<parsed>true</parsed>
<columns itemClass="oracle.dbtools.crest.model.design.relational.Column">
<Column name="szallodaAzon" id="DF5D9A1E-C8C5-16C9-2220-2429D9A32777">
<createdBy>nagy</createdBy>
<createdTime>2016-11-22 13:51:51 UTC</createdTime>
<generatorID>B5B4EE32-7329-8267-6822-16A6CB89611A</generatorID>
<ownerDesignName>cramhead_relational_model_</ownerDesignName>
<importedID>195A02EE-E770-7D26-A3D9-C4624584DCF6</importedID>
<useDomainConstraints>false</useDomainConstraints>
<use>1</use>
<logicalDatatype>LOGDT011</logicalDatatype>
<ownDataTypeParameters>,,</ownDataTypeParameters>
<autoIncrementCycle>false</autoIncrementCycle>
</Column>
<Column name="szallodaNev" id="91547458-A219-C8AD-8BAF-C1C6B516BF37">
<createdBy>nagy</createdBy>
<createdTime>2016-11-22 13:51:51 UTC</createdTime>
<generatorID>95E89A78-3DB9-1504-B420-1F4B1F277812</generatorID>
<ownerDesignName>cramhead_relational_model_</ownerDesignName>
<importedID>D2F093EC-0EF7-DE53-D20E-E194BE9365A1</importedID>
<nullsAllowed>true</nullsAllowed>
<useDomainConstraints>false</useDomainConstraints>
<use>1</use>
<logicalDatatype>LOGDT024</logicalDatatype>
<dataTypeSize>50</dataTypeSize>
<ownDataTypeParameters>50,,</ownDataTypeParameters>
<autoIncrementCycle>false</autoIncrementCycle>
</Column>
</columns>
<indexes itemClass="oracle.dbtools.crest.model.design.relational.Index">
<ind_PK_UK id="635DB492-D0FF-AA8A-58E5-906CE4F5F6B2" name="Szalloda_PK">
<createdBy>nagy</createdBy>
<createdTime>2016-11-22 13:51:51 UTC</createdTime>
<generatorID>32107710-8787-355D-3C1B-F1A58D9FDF1D</generatorID>
<ownerDesignName>cramhead_relational_model_</ownerDesignName>
<importedID>682D2ABF-F15A-5F4C-9259-77F98E35262D</importedID>
<pk>true</pk>
<indexState>Primary Constraint</indexState>
<isSurrogateKey>false</isSurrogateKey>
<indexColumnUsage>
<colUsage columnID="DF5D9A1E-C8C5-16C9-2220-2429D9A32777"/>
</indexColumnUsage>
</ind_PK_UK>
</indexes>
</Table>