<?xml version = '1.0' encoding = 'UTF-8'?>
<Table class="oracle.dbtools.crest.model.design.relational.Table" directorySegmentName="seg_0" id="671A91AC-904D-F483-62A9-273079AABC1F" name="Tanfolyam_felelos">
<createdBy>nagy</createdBy>
<createdTime>2016-11-22 13:51:51 UTC</createdTime>
<generatorID>52B7A442-420A-D006-1BF7-7C32EB4BF41D</generatorID>
<ownerDesignName>cramhead_relational_model_</ownerDesignName>
<importedID>9B472733-9CA3-C23F-0BCA-335DCE1B17C0</importedID>
<allowColumnReorder>false</allowColumnReorder>
<existDependencyGenerateInDDl>true</existDependencyGenerateInDDl>
<parsed>true</parsed>
<columns itemClass="oracle.dbtools.crest.model.design.relational.Column">
<Column name="felelosAzon" id="51AA0FF5-F06A-0DC8-B2E4-5503C9D4F06F">
<createdBy>nagy</createdBy>
<createdTime>2016-11-22 13:51:51 UTC</createdTime>
<generatorID>D71E6745-5059-856B-37F8-40E3B2522FE4</generatorID>
<ownerDesignName>cramhead_relational_model_</ownerDesignName>
<importedID>84A62D6A-4E27-3999-5995-66B1130CF112</importedID>
<useDomainConstraints>false</useDomainConstraints>
<use>1</use>
<logicalDatatype>LOGDT011</logicalDatatype>
<ownDataTypeParameters>,,</ownDataTypeParameters>
<autoIncrementCycle>false</autoIncrementCycle>
</Column>
<Column name="felelosNev" id="5B4439F9-7FAC-F8FF-1245-D4D5BA8BE0A7">
<createdBy>nagy</createdBy>
<createdTime>2016-11-22 13:51:51 UTC</createdTime>
<generatorID>ADB092EC-819A-A970-8D6B-E91FA9087CB9</generatorID>
<ownerDesignName>cramhead_relational_model_</ownerDesignName>
<importedID>25B64944-536C-E263-FA97-0005FEA01EB1</importedID>
<nullsAllowed>true</nullsAllowed>
<useDomainConstraints>false</useDomainConstraints>
<use>1</use>
<logicalDatatype>LOGDT024</logicalDatatype>
<dataTypeSize>40</dataTypeSize>
<ownDataTypeParameters>40,,</ownDataTypeParameters>
<autoIncrementCycle>false</autoIncrementCycle>
</Column>
</columns>
<indexes itemClass="oracle.dbtools.crest.model.design.relational.Index">
<ind_PK_UK id="83515765-79D5-B404-6CA1-1466EFDF3451" name="Tanfolyam_felelos_PK">
<createdBy>nagy</createdBy>
<createdTime>2016-11-22 13:51:51 UTC</createdTime>
<generatorID>C909045D-AAFF-ADA4-883B-8C7B00847190</generatorID>
<ownerDesignName>cramhead_relational_model_</ownerDesignName>
<importedID>A385DE27-060A-336A-B6AE-A9AADC41DD3D</importedID>
<pk>true</pk>
<indexState>Primary Constraint</indexState>
<isSurrogateKey>false</isSurrogateKey>
<indexColumnUsage>
<colUsage columnID="51AA0FF5-F06A-0DC8-B2E4-5503C9D4F06F"/>
</indexColumnUsage>
</ind_PK_UK>
</indexes>
</Table>