<?xml version = '1.0' encoding = 'UTF-8'?>
<Table class="oracle.dbtools.crest.model.design.relational.Table" directorySegmentName="seg_0" id="A7866770-3A7E-AEE5-79D4-D8AE4E3939C6" name="Ugyfel">
<createdBy>nagy</createdBy>
<createdTime>2016-11-22 13:51:51 UTC</createdTime>
<generatorID>C4C24D40-227E-EFFA-CB7C-9635CD324D81</generatorID>
<ownerDesignName>cramhead_relational_model_</ownerDesignName>
<importedID>28A8A692-1C46-A26E-D677-0CB26CD68E34</importedID>
<allowColumnReorder>false</allowColumnReorder>
<existDependencyGenerateInDDl>true</existDependencyGenerateInDDl>
<parsed>true</parsed>
<columns itemClass="oracle.dbtools.crest.model.design.relational.Column">
<Column name="ugyfelAzon" id="686983AC-F2F7-3EFC-E894-9E2774252A60">
<createdBy>nagy</createdBy>
<createdTime>2016-11-22 13:51:51 UTC</createdTime>
<generatorID>FE2EA7B2-4F2B-4823-BDCB-4C25DAF74C87</generatorID>
<ownerDesignName>cramhead_relational_model_</ownerDesignName>
<importedID>CB50DB4A-BCD3-F6B0-4595-5D8CDE9352F1</importedID>
<useDomainConstraints>false</useDomainConstraints>
<use>1</use>
<logicalDatatype>LOGDT011</logicalDatatype>
<ownDataTypeParameters>,,</ownDataTypeParameters>
<autoIncrementCycle>false</autoIncrementCycle>
</Column>
<Column name="ugyfelNev" id="894D0703-1FC3-1CE9-CABF-1A2EF3037A38">
<createdBy>nagy</createdBy>
<createdTime>2016-11-22 13:51:51 UTC</createdTime>
<generatorID>7A8598DF-5023-88FD-7C92-25EFB8782C0D</generatorID>
<ownerDesignName>cramhead_relational_model_</ownerDesignName>
<importedID>1D7F499A-05C2-78A8-6E50-9B760487DAC8</importedID>
<useDomainConstraints>false</useDomainConstraints>
<use>1</use>
<logicalDatatype>LOGDT024</logicalDatatype>
<dataTypeSize>80</dataTypeSize>
<ownDataTypeParameters>80,,</ownDataTypeParameters>
<autoIncrementCycle>false</autoIncrementCycle>
</Column>
<Column name="fokonyviSzam" id="8C68FAC5-C9BC-82F0-653A-7C5BE1BC3F71">
<createdBy>nagy</createdBy>
<createdTime>2016-11-22 13:51:51 UTC</createdTime>
<ownerDesignName>cramhead_relational_model_</ownerDesignName>
<importedID>2A136647-3A86-05C8-5709-958D2CE60888</importedID>
<nullsAllowed>true</nullsAllowed>
<useDomainConstraints>false</useDomainConstraints>
<use>1</use>
<logicalDatatype>LOGDT024</logicalDatatype>
<dataTypeSize>15</dataTypeSize>
<ownDataTypeParameters>15,,</ownDataTypeParameters>
<autoIncrementCycle>false</autoIncrementCycle>
</Column>
</columns>
<indexes itemClass="oracle.dbtools.crest.model.design.relational.Index">
<ind_PK_UK id="279922C7-EB1D-7BA7-AF61-BA5A4460591C" name="Ugyfel_PK">
<createdBy>nagy</createdBy>
<createdTime>2016-11-22 13:51:51 UTC</createdTime>
<generatorID>41DBDC23-541A-6B2C-D04E-726A5B17C860</generatorID>
<ownerDesignName>cramhead_relational_model_</ownerDesignName>
<importedID>50CB649A-E30C-964A-78AF-0970B6901CA4</importedID>
<pk>true</pk>
<indexState>Primary Constraint</indexState>
<isSurrogateKey>false</isSurrogateKey>
<indexColumnUsage>
<colUsage columnID="686983AC-F2F7-3EFC-E894-9E2774252A60"/>
</indexColumnUsage>
</ind_PK_UK>
<ind_PK_UK id="26DDCE6E-BE13-6F6C-8155-3C72AB2518EE" name="Ugyfel__UN">
<createdBy>nagy</createdBy>
<createdTime>2016-11-22 13:51:51 UTC</createdTime>
<ownerDesignName>cramhead_relational_model_</ownerDesignName>
<importedID>C43E8AEE-0BF9-7443-EC18-21D544FDFC75</importedID>
<indexState>Unique Constraint</indexState>
<isSurrogateKey>false</isSurrogateKey>
<indexColumnUsage>
<colUsage columnID="8C68FAC5-C9BC-82F0-653A-7C5BE1BC3F71"/>
</indexColumnUsage>
</ind_PK_UK>
</indexes>
</Table>