<?xml version = '1.0' encoding = 'UTF-8'?>
<Table class="oracle.dbtools.crest.model.design.relational.Table" directorySegmentName="seg_0" id="FE6FD463-99F0-202C-B502-A4D207B895DE" name="Tanfolyam">
<createdBy>nagy</createdBy>
<createdTime>2016-11-22 13:51:51 UTC</createdTime>
<generatorID>981D0D23-7EC3-3A7D-5E14-7D1925C1FAA1</generatorID>
<ownerDesignName>cramhead_relational_model_</ownerDesignName>
<importedID>2256CCD4-D85A-812B-E5A7-1017903CD644</importedID>
<allowColumnReorder>false</allowColumnReorder>
<existDependencyGenerateInDDl>true</existDependencyGenerateInDDl>
<parsed>true</parsed>
<columns itemClass="oracle.dbtools.crest.model.design.relational.Column">
<Column name="tanfolyamAzon" id="051D306A-843C-C4B2-2306-886F0050C225">
<createdBy>nagy</createdBy>
<createdTime>2016-11-22 13:51:51 UTC</createdTime>
<generatorID>1F331045-F7C8-7770-5D05-67C4DC11D29B</generatorID>
<ownerDesignName>cramhead_relational_model_</ownerDesignName>
<importedID>E65B7DEE-D938-CC65-F505-AFEF70FC371D</importedID>
<useDomainConstraints>false</useDomainConstraints>
<use>1</use>
<logicalDatatype>LOGDT024</logicalDatatype>
<dataTypeSize>15</dataTypeSize>
<ownDataTypeParameters>15,,</ownDataTypeParameters>
<autoIncrementCycle>false</autoIncrementCycle>
</Column>
<Column name="Tanfolyam_tipus_tipusAzon" id="81E4D34E-7E81-A422-6A73-6FE2FBC7F1C0">
<createdBy>nagy</createdBy>
<createdTime>2016-11-22 13:51:51 UTC</createdTime>
<generatorID>D1D0B7CB-57E1-D9DA-B382-2140DBB994FC</generatorID>
<ownerDesignName>cramhead_relational_model_</ownerDesignName>
<importedID>5A964346-FCD9-8973-5F58-BB7919FCD382</importedID>
<useDomainConstraints>false</useDomainConstraints>
<use>1</use>
<logicalDatatype>LOGDT011</logicalDatatype>
<ownDataTypeParameters>,,</ownDataTypeParameters>
<autoIncrementCycle>false</autoIncrementCycle>
<associations>
<colAssociation fkAssociation="E49C8707-A712-2306-0FC8-A70B95644A17" referredColumn="4D934727-6788-FE7E-7130-065533461567"/>
</associations>
</Column>
<Column name="Tanfolyam_felelos_felelosAzon" id="298038B0-7155-B25C-1DE1-65413B588912">
<createdBy>nagy</createdBy>
<createdTime>2016-11-22 13:51:51 UTC</createdTime>
<generatorID>02DBB024-F7E1-F837-D55F-FE95E62B674B</generatorID>
<ownerDesignName>cramhead_relational_model_</ownerDesignName>
<importedID>1DB26BA3-4B30-C6BB-38AA-8EF06670B1C0</importedID>
<useDomainConstraints>false</useDomainConstraints>
<use>1</use>
<logicalDatatype>LOGDT011</logicalDatatype>
<ownDataTypeParameters>,,</ownDataTypeParameters>
<autoIncrementCycle>false</autoIncrementCycle>
<associations>
<colAssociation fkAssociation="A5099EEB-34C1-A628-344D-2802343F38BF" referredColumn="51AA0FF5-F06A-0DC8-B2E4-5503C9D4F06F"/>
</associations>
</Column>
<Column name="Szalloda_szallodaAzon" id="FACE3764-C416-98A5-1864-ED8F7822473E">
<createdBy>nagy</createdBy>
<createdTime>2016-11-22 13:51:51 UTC</createdTime>
<generatorID>2BD22387-D699-E13A-86DE-AAADDEAE7980</generatorID>
<ownerDesignName>cramhead_relational_model_</ownerDesignName>
<importedID>06F1481A-BDA3-6EF2-AF38-117A4AB478A3</importedID>
<useDomainConstraints>false</useDomainConstraints>
<use>1</use>
<logicalDatatype>LOGDT011</logicalDatatype>
<ownDataTypeParameters>,,</ownDataTypeParameters>
<autoIncrementCycle>false</autoIncrementCycle>
<associations>
<colAssociation fkAssociation="FE6D19E1-5AEF-9C0B-D7ED-53127F2B7814" referredColumn="DF5D9A1E-C8C5-16C9-2220-2429D9A32777"/>
</associations>
</Column>
<Column name="kezdoDatum" id="648C017A-E3F9-1BF3-8A25-E0E8F79D588E">
<createdBy>nagy</createdBy>
<createdTime>2016-11-22 13:51:51 UTC</createdTime>
<generatorID>CA71049C-450E-952E-BA59-1CC3EF23771A</generatorID>
<ownerDesignName>cramhead_relational_model_</ownerDesignName>
<importedID>C8F75E3F-EBC4-1944-A3AD-D36DFD1B6CC0</importedID>
<nullsAllowed>true</nullsAllowed>
<useDomainConstraints>false</useDomainConstraints>
<use>1</use>
<logicalDatatype>LOGDT007</logicalDatatype>
<ownDataTypeParameters>,,</ownDataTypeParameters>
<autoIncrementCycle>false</autoIncrementCycle>
</Column>
<Column name="befejezesDatum" id="5F768713-7304-989C-199A-5507853247A0">
<createdBy>nagy</createdBy>
<createdTime>2016-11-22 13:51:51 UTC</createdTime>
<ownerDesignName>cramhead_relational_model_</ownerDesignName>
<importedID>8D7A3C5E-4CDA-8666-A54F-32F5206E8512</importedID>
<nullsAllowed>true</nullsAllowed>
<useDomainConstraints>false</useDomainConstraints>
<use>1</use>
<logicalDatatype>LOGDT007</logicalDatatype>
<ownDataTypeParameters>,,</ownDataTypeParameters>
<autoIncrementCycle>false</autoIncrementCycle>
</Column>
<Column name="Megj" id="3FA56880-BFF4-960E-EEDA-BED02F58B262">
<createdBy>nagy</createdBy>
<createdTime>2016-11-22 13:51:51 UTC</createdTime>
<generatorID>D7527972-3AA0-E0B3-4647-3301A59FCE20</generatorID>
<ownerDesignName>cramhead_relational_model_</ownerDesignName>
<importedID>D2C79AF2-E936-9BBC-BACE-BE0A2ECF618D</importedID>
<nullsAllowed>true</nullsAllowed>
<useDomainConstraints>false</useDomainConstraints>
<use>1</use>
<logicalDatatype>LOGDT024</logicalDatatype>
<dataTypeSize>30</dataTypeSize>
<ownDataTypeParameters>30,,</ownDataTypeParameters>
<autoIncrementCycle>false</autoIncrementCycle>
</Column>
<Column name="Oktato_oktatoAzon" id="A16BC5DB-CB02-1F55-ACD2-89BA4BCD96C7">
<createdBy>nagy</createdBy>
<createdTime>2016-11-22 13:51:51 UTC</createdTime>
<generatorID>7D564A30-2263-B4B9-E3AB-C8880CBBF7BF</generatorID>
<ownerDesignName>cramhead_relational_model_</ownerDesignName>
<importedID>7E8DCB4E-2D18-2150-656B-DC1D8C631E61</importedID>
<nullsAllowed>true</nullsAllowed>
<useDomainConstraints>false</useDomainConstraints>
<use>1</use>
<logicalDatatype>LOGDT011</logicalDatatype>
<ownDataTypeParameters>,,</ownDataTypeParameters>
<autoIncrementCycle>false</autoIncrementCycle>
<associations>
<colAssociation fkAssociation="44E51B2F-71FD-A92F-AF62-DC6A0D355D6E" referredColumn="14E9E080-B02B-05C5-A214-AD17CB97A549"/>
</associations>
</Column>
<Column name="maxHely" id="A119AA33-8EDD-4DB2-B85B-E8AB3299A1E8">
<createdBy>nagy</createdBy>
<createdTime>2016-11-22 13:53:21 UTC</createdTime>
<ownerDesignName>cramhead_relational_model_</ownerDesignName>
<useDomainConstraints>false</useDomainConstraints>
<use>1</use>
<logicalDatatype>LOGDT011</logicalDatatype>
<ownDataTypeParameters>,,</ownDataTypeParameters>
<autoIncrementCycle>false</autoIncrementCycle>
</Column>
</columns>
<indexes itemClass="oracle.dbtools.crest.model.design.relational.Index">
<ind_PK_UK id="164D8B01-7361-5DB6-289A-6143AAB72CEF" name="Tanfolyam_PK">
<createdBy>nagy</createdBy>
<createdTime>2016-11-22 13:51:51 UTC</createdTime>
<generatorID>768CBE3D-D70E-B982-202A-EB8286E72677</generatorID>
<ownerDesignName>cramhead_relational_model_</ownerDesignName>
<importedID>FE2D8852-56D2-A784-8ABD-F95154442F9E</importedID>
<pk>true</pk>
<indexState>Primary Constraint</indexState>
<isSurrogateKey>false</isSurrogateKey>
<indexColumnUsage>
<colUsage columnID="051D306A-843C-C4B2-2306-886F0050C225"/>
</indexColumnUsage>
</ind_PK_UK>
<ind_PK_UK id="95C303BD-4413-7E9F-CD48-F417017097B4" name="Tanf_TanfTipus_FK">
<createdBy>nagy</createdBy>
<createdTime>2016-11-22 13:51:51 UTC</createdTime>
<generatorID>4D20ABEC-DAA4-1F70-0191-89695C35CE6D</generatorID>
<ownerDesignName>cramhead_relational_model_</ownerDesignName>
<indexState>Foreign Key</indexState>
<isSurrogateKey>false</isSurrogateKey>
<indexColumnUsage>
<colUsage columnID="81E4D34E-7E81-A422-6A73-6FE2FBC7F1C0"/>
</indexColumnUsage>
</ind_PK_UK>
<ind_PK_UK id="A43CC287-F70D-143D-BDE9-15615EF1A566" name="Tanf_TanfFel_FK">
<createdBy>nagy</createdBy>
<createdTime>2016-11-22 13:51:51 UTC</createdTime>
<generatorID>D6AF3F29-2E55-CD6B-CDAB-FA263C058F89</generatorID>
<ownerDesignName>cramhead_relational_model_</ownerDesignName>
<indexState>Foreign Key</indexState>
<isSurrogateKey>false</isSurrogateKey>
<indexColumnUsage>
<colUsage columnID="298038B0-7155-B25C-1DE1-65413B588912"/>
</indexColumnUsage>
</ind_PK_UK>
<ind_PK_UK id="E58EA1CF-9CDD-E26E-FBA1-1F64D6992245" name="Tanfolyam_Oktato_FK">
<createdBy>nagy</createdBy>
<createdTime>2016-11-22 13:51:51 UTC</createdTime>
<generatorID>840EF388-153A-B542-3E3A-7AB5B10E129C</generatorID>
<ownerDesignName>cramhead_relational_model_</ownerDesignName>
<indexState>Foreign Key</indexState>
<isSurrogateKey>false</isSurrogateKey>
<indexColumnUsage>
<colUsage columnID="A16BC5DB-CB02-1F55-ACD2-89BA4BCD96C7"/>
</indexColumnUsage>
</ind_PK_UK>
<ind_PK_UK id="71DDA80C-EFEB-16AF-FD4B-4A6683D57A11" name="Tanfolyam_Szalloda_FK">
<createdBy>nagy</createdBy>
<createdTime>2016-11-22 13:51:51 UTC</createdTime>
<generatorID>39CB8120-B26F-631C-7365-207D4E74E680</generatorID>
<ownerDesignName>cramhead_relational_model_</ownerDesignName>
<indexState>Foreign Key</indexState>
<isSurrogateKey>false</isSurrogateKey>
<indexColumnUsage>
<colUsage columnID="FACE3764-C416-98A5-1864-ED8F7822473E"/>
</indexColumnUsage>
</ind_PK_UK>
</indexes>
</Table>