<?xml version = '1.0' encoding = 'UTF-8'?>
<relationalModel class="oracle.dbtools.crest.model.design.relational.RelationalDesign" name="Relational_1" id="373F37EB-A9B7-B5A3-A7BD-BC96B71DE8EB" mainViewID="3E7ACE61-8080-EE67-E356-AEFE4A1FF660">
<createdBy>nagy</createdBy>
<createdTime>2016-11-22 13:51:48 UTC</createdTime>
<ownerDesignName>cremhead_rel_na_final</ownerDesignName>
<shouldBeOpen>false</shouldBeOpen>
<selectedRDBMSSite>32076570-2523-435C-2E92-BF29817DFF70</selectedRDBMSSite>
</relationalModel>