<?xml version = '1.0' encoding = 'UTF-8'?>
<Relation class="oracle.dbtools.crest.model.design.logical.Relation" name="FK3" directorySegmentName="seg_0" id="04371C0C-9B48-7499-65A6-D3F312135A60">
<createdBy>mozsi</createdBy>
<createdTime>2016-10-30 12:46:26 UTC</createdTime>
<ownerDesignName>benco_log</ownerDesignName>
<importedID>688A9F28-5A9A-CBD9-04F6-E59E9EA9ACA6</importedID>
<engineerTo>
<item key="2BD45F06-0A79-B5F5-7842-B147146B797A" value="true"/>
</engineerTo>
<sourcePk>92B53B72-C840-359B-4882-9AC65AB920E2</sourcePk>
<identifying>false</identifying>
<optionalSource>false</optionalSource>
<optionalTarget>false</optionalTarget>
<sourceCardinality>1</sourceCardinality>
<sourceEntity>BCB229AA-19E9-9575-F6B5-76E1E3D61A94</sourceEntity>
<targetCardinalityString>*</targetCardinalityString>
<targetEntity>E901B681-DFB4-E866-6494-F28F129244B5</targetEntity>
<transferable>true</transferable>
<deleteRule>NO ACTION</deleteRule>
</Relation>