<?xml version = '1.0' encoding = 'UTF-8'?>
<Relation class="oracle.dbtools.crest.model.design.logical.Relation" name="FK10" directorySegmentName="seg_0" id="334C5F09-C11D-7FCB-008D-7C2B79DA8641">
<createdBy>mozsi</createdBy>
<createdTime>2016-10-31 14:26:57 UTC</createdTime>
<ownerDesignName>benco_log</ownerDesignName>
<engineerTo>
<item key="2BD45F06-0A79-B5F5-7842-B147146B797A" value="true"/>
</engineerTo>
<sourcePk>524E6264-3000-D148-3925-49720124E92C</sourcePk>
<identifying>false</identifying>
<optionalSource>false</optionalSource>
<optionalTarget>true</optionalTarget>
<sourceCardinality>1</sourceCardinality>
<sourceEntity>92007CE4-2F64-E2ED-D3B9-D465B3BB184F</sourceEntity>
<targetCardinalityString>*</targetCardinalityString>
<targetEntity>06E6CFEE-9DC7-D0C4-3E14-B307CA1263E2</targetEntity>
<transferable>true</transferable>
<deleteRule>NO ACTION</deleteRule>
</Relation>