<?xml version = '1.0' encoding = 'UTF-8'?>
<Relation class="oracle.dbtools.crest.model.design.logical.Relation" name="FK10v1" directorySegmentName="seg_0" id="62F2BDA1-2332-6795-C12F-2847A7F66D08">
<createdBy>mozsi</createdBy>
<createdTime>2016-10-30 12:46:26 UTC</createdTime>
<ownerDesignName>benco_log</ownerDesignName>
<importedID>D71EB5D3-F888-F6F6-74D7-8AC6B4506C39</importedID>
<engineerTo>
<item key="2BD45F06-0A79-B5F5-7842-B147146B797A" value="true"/>
</engineerTo>
<sourcePk>45609178-55AD-8A70-6401-3B3D90C9D6BC</sourcePk>
<identifying>false</identifying>
<optionalSource>false</optionalSource>
<optionalTarget>false</optionalTarget>
<sourceCardinality>1</sourceCardinality>
<sourceEntity>E9A55A68-9AC1-D6D5-3D2E-8DAFAFA20F32</sourceEntity>
<targetCardinalityString>*</targetCardinalityString>
<targetEntity>C940878A-7897-6B68-0B0B-892481DEF060</targetEntity>
<transferable>true</transferable>
<deleteRule>NO ACTION</deleteRule>
</Relation>