<?xml version = '1.0' encoding = 'UTF-8'?>
<Relation class="oracle.dbtools.crest.model.design.logical.Relation" name="FK9" directorySegmentName="seg_0" id="6A60FD0A-4E61-53F3-45FB-C022DC2DFD1B">
<createdBy>mozsi</createdBy>
<createdTime>2016-10-30 12:46:26 UTC</createdTime>
<ownerDesignName>benco_log</ownerDesignName>
<importedID>502BA3DC-18A1-2353-6C6D-80263C11B63F</importedID>
<engineerTo>
<item key="2BD45F06-0A79-B5F5-7842-B147146B797A" value="true"/>
</engineerTo>
<sourcePk>21B880BC-A9F1-C415-78DE-E86B2EDFBDCE</sourcePk>
<identifying>false</identifying>
<optionalSource>true</optionalSource>
<optionalTarget>false</optionalTarget>
<sourceCardinality>1</sourceCardinality>
<sourceEntity>CBF294C7-3E01-E397-E034-98F877732D40</sourceEntity>
<targetCardinalityString>*</targetCardinalityString>
<targetEntity>92007CE4-2F64-E2ED-D3B9-D465B3BB184F</targetEntity>
<transferable>true</transferable>
<deleteRule>NO ACTION</deleteRule>
</Relation>