<?xml version = '1.0' encoding = 'UTF-8'?>
<Relation class="oracle.dbtools.crest.model.design.logical.Relation" name="vasarol" directorySegmentName="seg_0" id="A1155271-D747-AA71-5C61-CD356437EAF7">
<createdBy>mozsi</createdBy>
<createdTime>2016-10-30 12:46:26 UTC</createdTime>
<ownerDesignName>benco_log</ownerDesignName>
<importedID>84192639-87E6-D9BA-3B12-824536476639</importedID>
<engineerTo>
<item key="2BD45F06-0A79-B5F5-7842-B147146B797A" value="true"/>
</engineerTo>
<sourcePk>B86EE341-C0FF-771D-C5FF-2FCA8C2892BA</sourcePk>
<targetPk>3E05C394-9ACA-3583-1C61-D9920168AFC8</targetPk>
<identifying>false</identifying>
<nameOnSource>forrása</nameOnSource>
<nameOnTarget>érkezett tőle</nameOnTarget>
<optionalSource>true</optionalSource>
<optionalTarget>false</optionalTarget>
<sourceCardinality>1</sourceCardinality>
<sourceEntity>45527ECD-B1B5-3AA4-4F45-ACFA46D3C5D3</sourceEntity>
<targetCardinalityString>*</targetCardinalityString>
<targetEntity>FF9E60F4-D6A2-32AE-467A-E4981C5D92D4</targetEntity>
<transferable>true</transferable>
<deleteRule>NO ACTION</deleteRule>
</Relation>