<?xml version = '1.0' encoding = 'UTF-8'?>
<Relation class="oracle.dbtools.crest.model.design.logical.Relation" name="FK8" directorySegmentName="seg_0" id="B92031CE-2878-FAFF-E402-47C986F41BCB">
<createdBy>mozsi</createdBy>
<createdTime>2016-10-30 12:46:26 UTC</createdTime>
<ownerDesignName>benco_log</ownerDesignName>
<importedID>48399466-E637-BC71-7E15-708DEF759CA6</importedID>
<engineerTo>
<item key="2BD45F06-0A79-B5F5-7842-B147146B797A" value="true"/>
</engineerTo>
<sourcePk>D4D6EED8-F299-4C4D-7058-D9FD7F9C7CC8</sourcePk>
<identifying>false</identifying>
<optionalSource>true</optionalSource>
<optionalTarget>false</optionalTarget>
<sourceCardinality>1</sourceCardinality>
<sourceEntity>E901B681-DFB4-E866-6494-F28F129244B5</sourceEntity>
<targetCardinalityString>*</targetCardinalityString>
<targetEntity>06E6CFEE-9DC7-D0C4-3E14-B307CA1263E2</targetEntity>
<transferable>true</transferable>
<deleteRule>NO ACTION</deleteRule>
</Relation>