<?xml version = '1.0' encoding = 'UTF-8'?>
<Relation class="oracle.dbtools.crest.model.design.logical.Relation" name="FK6" directorySegmentName="seg_0" id="DA424803-D193-1BA0-5016-246AD5378F3C">
<createdBy>mozsi</createdBy>
<createdTime>2016-10-30 12:46:26 UTC</createdTime>
<ownerDesignName>benco_log</ownerDesignName>
<importedID>DF8C1358-F1B2-5C32-487C-0B6CCAE18BA7</importedID>
<engineerTo>
<item key="2BD45F06-0A79-B5F5-7842-B147146B797A" value="true"/>
</engineerTo>
<sourcePk>45609178-55AD-8A70-6401-3B3D90C9D6BC</sourcePk>
<identifying>false</identifying>
<optionalSource>true</optionalSource>
<optionalTarget>false</optionalTarget>
<sourceCardinality>1</sourceCardinality>
<sourceEntity>E9A55A68-9AC1-D6D5-3D2E-8DAFAFA20F32</sourceEntity>
<targetCardinalityString>*</targetCardinalityString>
<targetEntity>CBF294C7-3E01-E397-E034-98F877732D40</targetEntity>
<transferable>true</transferable>
<deleteRule>NO ACTION</deleteRule>
</Relation>