<?xml version = '1.0' encoding = 'UTF-8'?>
<Relation class="oracle.dbtools.crest.model.design.logical.Relation" name="VR_VRS_FK" directorySegmentName="seg_0" id="F7C9C92B-B239-8B1B-0BAB-537029EB4CAF">
<createdBy>mozsi</createdBy>
<createdTime>2016-10-30 12:46:26 UTC</createdTime>
<ownerDesignName>benco_log</ownerDesignName>
<importedID>AD7A89F4-A30F-8919-FAE0-838FEC18C338</importedID>
<engineerTo>
<item key="2BD45F06-0A79-B5F5-7842-B147146B797A" value="true"/>
</engineerTo>
<sourcePk>55474989-67FA-28C7-3845-1EE4DA7D1CA3</sourcePk>
<targetPk>3E05C394-9ACA-3583-1C61-D9920168AFC8</targetPk>
<identifying>false</identifying>
<optionalSource>false</optionalSource>
<optionalTarget>false</optionalTarget>
<sourceCardinality>*</sourceCardinality>
<sourceEntity>06E6CFEE-9DC7-D0C4-3E14-B307CA1263E2</sourceEntity>
<targetCardinalityString>1</targetCardinalityString>
<targetEntity>FF9E60F4-D6A2-32AE-467A-E4981C5D92D4</targetEntity>
<transferable>true</transferable>
<deleteRule>NO ACTION</deleteRule>
</Relation>