<?xml version = '1.0' encoding = 'UTF-8'?>
<Flow class="oracle.dbtools.crest.model.design.process.Flow" name="foglalás" directorySegmentName="seg_0" id="B7491DF1-AAE6-C620-2509-2B14DFC7F001">
<createdBy>mozsik</createdBy>
<createdTime>2016-10-04 17:13:08 UTC</createdTime>
<ownerDesignName>cramhead_dfd</ownerDesignName>
<destination>6DF6CD71-0EED-C7B2-1731-553964C103C9</destination>
<logging>false</logging>
<opCreate>false</opCreate>
<opDelete>false</opDelete>
<opRead>false</opRead>
<opUpdate>false</opUpdate>
<sourceProcessObject>C12D41FA-8690-2B5E-D296-EC3A700809DD</sourceProcessObject>
<targetProcessObject>6DF6CD71-0EED-C7B2-1731-553964C103C9</targetProcessObject>
</Flow>