<?xml version = '1.0' encoding = 'UTF-8'?>
<FKIndexAssociation class="oracle.dbtools.crest.model.design.relational.FKIndexAssociation" directorySegmentName="seg_0" id="04658277-8801-0BED-1A8E-12C4444FFC76" containerWithKeyObject="856F726F-2A11-65E9-4FC6-1EC9CD4EDDF6" localFKIndex="3ECA6502-03B8-352D-4B9C-EC3D1B985F4B" name="FK9">
<createdBy>mozsi</createdBy>
<createdTime>2016-10-31 16:16:27 UTC</createdTime>
<generatorID>6A60FD0A-4E61-53F3-45FB-C022DC2DFD1B</generatorID>
<ownerDesignName>benco_log</ownerDesignName>
<deleteRule>NO ACTION</deleteRule>
<referredTableID>4AB433A8-5044-D1AF-7828-FFA06E7BD2F6</referredTableID>
<keyObject>7604C372-6747-EB12-B9EB-AC6AC82EC772</keyObject>
<referredKeyID>7604C372-6747-EB12-B9EB-AC6AC82EC772</referredKeyID>
<mandatory>true</mandatory>
<transferable>true</transferable>
<rely>false</rely>
<columnDependencyConstraintGenerateInDDL>true</columnDependencyConstraintGenerateInDDL>
</FKIndexAssociation>