<?xml version = '1.0' encoding = 'UTF-8'?>
<FKIndexAssociation class="oracle.dbtools.crest.model.design.relational.FKIndexAssociation" directorySegmentName="seg_0" id="1630A64C-DE3A-35F6-7B7F-C7CFAFF18904" containerWithKeyObject="4A273407-0C34-DDEA-45F2-23C8B806624C" localFKIndex="6AD4DAB0-AD07-B745-4F27-D8E9EC0044FF" name="VR_VRS_FK">
<createdBy>mozsi</createdBy>
<createdTime>2016-10-31 16:16:27 UTC</createdTime>
<generatorID>F7C9C92B-B239-8B1B-0BAB-537029EB4CAF</generatorID>
<ownerDesignName>benco_log</ownerDesignName>
<deleteRule>NO ACTION</deleteRule>
<referredTableID>D06B02E0-4F4E-CED9-AEB9-9B8DBE0A459E</referredTableID>
<keyObject>FD19EC01-0916-67CB-816B-413EEC574A16</keyObject>
<referredKeyID>FD19EC01-0916-67CB-816B-413EEC574A16</referredKeyID>
<mandatory>true</mandatory>
<transferable>true</transferable>
<rely>false</rely>
<columnDependencyConstraintGenerateInDDL>true</columnDependencyConstraintGenerateInDDL>
</FKIndexAssociation>