<?xml version = '1.0' encoding = 'UTF-8'?>
<FKIndexAssociation class="oracle.dbtools.crest.model.design.relational.FKIndexAssociation" directorySegmentName="seg_0" id="589CE526-9CD9-C941-07F5-4E4F4381F9F1" containerWithKeyObject="4AB433A8-5044-D1AF-7828-FFA06E7BD2F6" localFKIndex="BCD8BBB0-6438-BD92-29D1-DE7F0EFB54BF" name="FK6">
<createdBy>mozsi</createdBy>
<createdTime>2016-10-31 16:16:27 UTC</createdTime>
<generatorID>DA424803-D193-1BA0-5016-246AD5378F3C</generatorID>
<ownerDesignName>benco_log</ownerDesignName>
<deleteRule>NO ACTION</deleteRule>
<referredTableID>BAB9E64B-A2DF-AD76-4E42-C5A73E225819</referredTableID>
<keyObject>C6B7D3E7-3AF6-DF92-74AF-5760000F9551</keyObject>
<referredKeyID>C6B7D3E7-3AF6-DF92-74AF-5760000F9551</referredKeyID>
<mandatory>true</mandatory>
<transferable>true</transferable>
<rely>false</rely>
<columnDependencyConstraintGenerateInDDL>true</columnDependencyConstraintGenerateInDDL>
</FKIndexAssociation>