<?xml version = '1.0' encoding = 'UTF-8'?>
<FKIndexAssociation class="oracle.dbtools.crest.model.design.relational.FKIndexAssociation" directorySegmentName="seg_0" id="5900692A-8BE6-C79B-5DF9-EF82610C1360" containerWithKeyObject="4A273407-0C34-DDEA-45F2-23C8B806624C" localFKIndex="5BB88E04-34ED-1CC9-D37A-0A59ECD72DB7" name="FK8">
<createdBy>mozsi</createdBy>
<createdTime>2016-10-31 16:16:27 UTC</createdTime>
<generatorID>B92031CE-2878-FAFF-E402-47C986F41BCB</generatorID>
<ownerDesignName>benco_log</ownerDesignName>
<deleteRule>NO ACTION</deleteRule>
<referredTableID>E3BACFC9-A0E9-A725-7C97-4ABFAFEF493A</referredTableID>
<keyObject>673B2285-6D75-DE2A-9B7F-BC7449DD9C75</keyObject>
<referredKeyID>673B2285-6D75-DE2A-9B7F-BC7449DD9C75</referredKeyID>
<mandatory>true</mandatory>
<transferable>true</transferable>
<rely>false</rely>
<columnDependencyConstraintGenerateInDDL>true</columnDependencyConstraintGenerateInDDL>
</FKIndexAssociation>