<?xml version = '1.0' encoding = 'UTF-8'?>
<FKIndexAssociation class="oracle.dbtools.crest.model.design.relational.FKIndexAssociation" directorySegmentName="seg_0" id="75565305-1627-82D0-0BC4-5F4150DCF8C2" containerWithKeyObject="CE767477-B0F7-4C11-2D7C-E26D603036E5" localFKIndex="C364A167-D7CA-AAC9-B17D-6D349DDE9D51" name="FK10v1">
<createdBy>mozsi</createdBy>
<createdTime>2016-10-31 16:16:27 UTC</createdTime>
<generatorID>62F2BDA1-2332-6795-C12F-2847A7F66D08</generatorID>
<ownerDesignName>benco_log</ownerDesignName>
<deleteRule>NO ACTION</deleteRule>
<referredTableID>BAB9E64B-A2DF-AD76-4E42-C5A73E225819</referredTableID>
<keyObject>C6B7D3E7-3AF6-DF92-74AF-5760000F9551</keyObject>
<referredKeyID>C6B7D3E7-3AF6-DF92-74AF-5760000F9551</referredKeyID>
<mandatory>true</mandatory>
<transferable>true</transferable>
<rely>false</rely>
<columnDependencyConstraintGenerateInDDL>true</columnDependencyConstraintGenerateInDDL>
</FKIndexAssociation>