<?xml version = '1.0' encoding = 'UTF-8'?>
<FKIndexAssociation class="oracle.dbtools.crest.model.design.relational.FKIndexAssociation" directorySegmentName="seg_0" id="9A7B223A-9A3C-85D7-F5E3-4BF2FDF99284" containerWithKeyObject="E3BACFC9-A0E9-A725-7C97-4ABFAFEF493A" localFKIndex="D752807A-C0C4-FDF0-8F5D-ED1B54A203A1" name="FK3">
<createdBy>mozsi</createdBy>
<createdTime>2016-10-31 16:16:27 UTC</createdTime>
<generatorID>04371C0C-9B48-7499-65A6-D3F312135A60</generatorID>
<ownerDesignName>benco_log</ownerDesignName>
<deleteRule>NO ACTION</deleteRule>
<referredTableID>E385F2FD-A22D-F503-C678-BDF27EF9D51A</referredTableID>
<keyObject>D787DA13-727D-DE7B-F732-1AEE5F28C9E5</keyObject>
<referredKeyID>D787DA13-727D-DE7B-F732-1AEE5F28C9E5</referredKeyID>
<mandatory>true</mandatory>
<transferable>true</transferable>
<rely>false</rely>
<columnDependencyConstraintGenerateInDDL>true</columnDependencyConstraintGenerateInDDL>
</FKIndexAssociation>