<?xml version = '1.0' encoding = 'UTF-8'?>
<FKIndexAssociation class="oracle.dbtools.crest.model.design.relational.FKIndexAssociation" directorySegmentName="seg_0" id="B017F0FD-EDB0-9012-D1AA-EB2B996E7C1B" containerWithKeyObject="D06B02E0-4F4E-CED9-AEB9-9B8DBE0A459E" localFKIndex="A2268B91-CF91-9C7F-8CD2-8E9597200463" name="vasarol">
<createdBy>mozsi</createdBy>
<createdTime>2016-10-31 16:16:27 UTC</createdTime>
<generatorID>A1155271-D747-AA71-5C61-CD356437EAF7</generatorID>
<ownerDesignName>benco_log</ownerDesignName>
<deleteRule>NO ACTION</deleteRule>
<referredTableID>E9B13395-0FAD-5BAB-63E0-B91B786E6B0D</referredTableID>
<keyObject>91811162-EE3F-774A-8CFD-93F5B3AF40BA</keyObject>
<referredKeyID>91811162-EE3F-774A-8CFD-93F5B3AF40BA</referredKeyID>
<mandatory>true</mandatory>
<transferable>true</transferable>
<rely>false</rely>
<columnDependencyConstraintGenerateInDDL>true</columnDependencyConstraintGenerateInDDL>
</FKIndexAssociation>