<?xml version = '1.0' encoding = 'UTF-8'?>
<Relation class="oracle.dbtools.crest.model.design.logical.Relation" name="Relation_21" directorySegmentName="seg_0" id="16092B07-B718-19DF-0BB0-3785B3DE3E27">
<createdBy>nagy</createdBy>
<createdTime>2016-11-22 13:51:51 UTC</createdTime>
<ownerDesignName>cremhead_rel_na_final</ownerDesignName>
<importedID>CB12513F-1638-ECD5-1306-8D834D17C461</importedID>
<engineerTo>
<item key="373F37EB-A9B7-B5A3-A7BD-BC96B71DE8EB" value="true"/>
</engineerTo>
<sourcePk>768CBE3D-D70E-B982-202A-EB8286E72677</sourcePk>
<identifying>false</identifying>
<optionalSource>false</optionalSource>
<optionalTarget>true</optionalTarget>
<sourceCardinality>1</sourceCardinality>
<sourceEntity>981D0D23-7EC3-3A7D-5E14-7D1925C1FAA1</sourceEntity>
<targetCardinalityString>*</targetCardinalityString>
<targetEntity>64BE4DAC-2030-8207-DFB5-E43742F64B5A</targetEntity>
<transferable>true</transferable>
<deleteRule>NO ACTION</deleteRule>
</Relation>