<?xml version = '1.0' encoding = 'UTF-8'?>
<Relation class="oracle.dbtools.crest.model.design.logical.Relation" name="Relation_17" directorySegmentName="seg_0" id="6BF8E188-2AFF-9301-FB96-6E686251FA27">
<createdBy>nagy</createdBy>
<createdTime>2016-11-22 13:51:51 UTC</createdTime>
<ownerDesignName>cremhead_rel_na_final</ownerDesignName>
<importedID>6786ECAE-F8E9-8236-CED3-D52FE7DB1AD6</importedID>
<engineerTo>
<item key="373F37EB-A9B7-B5A3-A7BD-BC96B71DE8EB" value="true"/>
</engineerTo>
<sourcePk>5B7ED183-A5F5-6DB0-5E4A-8DF58C6EC3EE</sourcePk>
<identifying>false</identifying>
<optionalSource>false</optionalSource>
<optionalTarget>false</optionalTarget>
<sourceCardinality>1</sourceCardinality>
<sourceEntity>136764D3-CD76-9F31-00FA-F896106DC46C</sourceEntity>
<targetCardinalityString>*</targetCardinalityString>
<targetEntity>8498B096-B969-73A1-C902-42A5F7C87C32</targetEntity>
<transferable>true</transferable>
<deleteRule>NO ACTION</deleteRule>
</Relation>