<?xml version = '1.0' encoding = 'UTF-8'?>
<Relation class="oracle.dbtools.crest.model.design.logical.Relation" name="Relation_19" directorySegmentName="seg_0" id="E067A93A-4056-A6AE-D445-0E4546801679">
<createdBy>nagy</createdBy>
<createdTime>2016-11-22 13:51:51 UTC</createdTime>
<ownerDesignName>cremhead_rel_na_final</ownerDesignName>
<importedID>4BE2B692-03A0-4026-0351-62D76D1A2E07</importedID>
<engineerTo>
<item key="373F37EB-A9B7-B5A3-A7BD-BC96B71DE8EB" value="true"/>
</engineerTo>
<sourcePk>FF335D30-0E48-3800-26BC-599D2F70E99C</sourcePk>
<targetPk>768CBE3D-D70E-B982-202A-EB8286E72677</targetPk>
<identifying>false</identifying>
<optionalSource>false</optionalSource>
<optionalTarget>false</optionalTarget>
<sourceCardinality>1</sourceCardinality>
<sourceEntity>42BBBC53-5488-112A-C876-7976E34BA241</sourceEntity>
<targetCardinalityString>1</targetCardinalityString>
<targetEntity>981D0D23-7EC3-3A7D-5E14-7D1925C1FAA1</targetEntity>
<transferable>true</transferable>
<deleteRule>NO ACTION</deleteRule>
</Relation>