<?xml version = '1.0' encoding = 'UTF-8'?>
<Entity class="oracle.dbtools.crest.model.design.logical.Entity" directorySegmentName="seg_0" id="148959C9-F031-3E8F-AE5C-60F8FB0ABEA1" name="Tanfolyam_felelos">
<createdBy>nagyandras95</createdBy>
<createdTime>2016-11-16 15:30:56 UTC</createdTime>
<ownerDesignName>cramhead_logical_relational_final_final</ownerDesignName>
<importedID>4D56A41D-B22A-C240-A924-E7AB82267977</importedID>
<engineerTo>
<item key="32723EEC-F63A-0672-CED9-3D68679F2D30" value="true"/>
</engineerTo>
<adequatelyNormalized>NO</adequatelyNormalized>
<expectedVolumes>0</expectedVolumes>
<fwdEngineeringStrategyName>Single Table</fwdEngineeringStrategyName>
<growthPercent>0</growthPercent>
<growthType>Year</growthType>
<maxVolumes>9999999</maxVolumes>
<minVolumes>0</minVolumes>
<normalForm>Third</normalForm>
<attributes itemClass="oracle.dbtools.crest.model.design.logical.Attribute">
<Attribute name="felelosAzon" id="98CA322D-9933-E78C-EB94-AE727B6BA2D0">
<createdBy>nagyandras95</createdBy>
<createdTime>2016-11-16 15:30:56 UTC</createdTime>
<ownerDesignName>cramhead_logical_relational_final_final</ownerDesignName>
<importedID>A0C95F7B-FC3E-02FC-0D0D-BB67782F79F7</importedID>
<engineerTo>
<item key="32723EEC-F63A-0672-CED9-3D68679F2D30" value="true"/>
</engineerTo>
<useDomainConstraints>false</useDomainConstraints>
<use>1</use>
<logicalDatatype>LOGDT011</logicalDatatype>
<ownDataTypeParameters>,,</ownDataTypeParameters>
</Attribute>
<Attribute name="felelosNev" id="2BA29BE3-86EE-5C2F-3517-3CD6C9E58BF3">
<createdBy>nagyandras95</createdBy>
<createdTime>2016-11-16 15:30:56 UTC</createdTime>
<ownerDesignName>cramhead_logical_relational_final_final</ownerDesignName>
<importedID>DF1AA8C1-057B-B755-9468-BA5D6DA7B1D1</importedID>
<engineerTo>
<item key="32723EEC-F63A-0672-CED9-3D68679F2D30" value="true"/>
</engineerTo>
<nullsAllowed>true</nullsAllowed>
<useDomainConstraints>false</useDomainConstraints>
<use>1</use>
<logicalDatatype>LOGDT024</logicalDatatype>
<dataTypeSize>40</dataTypeSize>
<ownDataTypeParameters>40,,</ownDataTypeParameters>
</Attribute>
</attributes>
<identifiers itemClass="oracle.dbtools.crest.model.design.logical.CandidateKey">
<identifier id="317E097E-EC5D-7005-CB8F-D57CFEE159F7" name="Tanfolyam_felelos PK">
<createdBy>nagyandras95</createdBy>
<createdTime>2016-11-16 15:30:56 UTC</createdTime>
<ownerDesignName>cramhead_logical_relational_final_final</ownerDesignName>
<importedID>36B62F1D-008F-ABE6-DB3E-5C9722218AFA</importedID>
<engineerTo>
<item key="32723EEC-F63A-0672-CED9-3D68679F2D30" value="true"/>
</engineerTo>
<pk>true</pk>
<usedAttributes>
<attributeRef>98CA322D-9933-E78C-EB94-AE727B6BA2D0</attributeRef>
</usedAttributes>
</identifier>
</identifiers>
</Entity>