<?xml version = '1.0' encoding = 'UTF-8'?>
<Entity class="oracle.dbtools.crest.model.design.logical.Entity" directorySegmentName="seg_0" id="56AE8C5B-FF75-59CF-1F49-AEBCD463C8CE" name="Tanfolyam">
<createdBy>nagyandras95</createdBy>
<createdTime>2016-11-16 15:30:56 UTC</createdTime>
<ownerDesignName>cramhead_logical_relational_final_final</ownerDesignName>
<importedID>5C8AD97B-E912-3BF8-B7D1-281B19FEF8D1</importedID>
<engineerTo>
<item key="32723EEC-F63A-0672-CED9-3D68679F2D30" value="true"/>
</engineerTo>
<adequatelyNormalized>NO</adequatelyNormalized>
<expectedVolumes>0</expectedVolumes>
<fwdEngineeringStrategyName>Single Table</fwdEngineeringStrategyName>
<growthPercent>0</growthPercent>
<growthType>Year</growthType>
<maxVolumes>9999999</maxVolumes>
<minVolumes>0</minVolumes>
<normalForm>Third</normalForm>
<attributes itemClass="oracle.dbtools.crest.model.design.logical.Attribute">
<Attribute name="tanfolyamAzon" id="3710C533-69DE-ADD5-FED8-081C7BDC338F">
<createdBy>nagyandras95</createdBy>
<createdTime>2016-11-16 15:30:56 UTC</createdTime>
<ownerDesignName>cramhead_logical_relational_final_final</ownerDesignName>
<importedID>9A14E951-4CB3-BA31-B3F4-58CCF1089CC3</importedID>
<engineerTo>
<item key="32723EEC-F63A-0672-CED9-3D68679F2D30" value="true"/>
</engineerTo>
<useDomainConstraints>false</useDomainConstraints>
<use>1</use>
<logicalDatatype>LOGDT011</logicalDatatype>
<ownDataTypeParameters>,,</ownDataTypeParameters>
</Attribute>
<Attribute name="tipusAzon" id="8A3FFA2C-A8D2-08D9-6B4F-FE990B20F1E4">
<createdBy>nagyandras95</createdBy>
<createdTime>2016-11-16 15:30:56 UTC</createdTime>
<generatorID>4D20ABEC-DAA4-1F70-0191-89695C35CE6D</generatorID>
<ownerDesignName>cramhead_logical_relational_final_final</ownerDesignName>
<importedID>A6C647D2-A78C-F0D6-F1A1-905AD7EB4C85</importedID>
<engineerTo>
<item key="32723EEC-F63A-0672-CED9-3D68679F2D30" value="true"/>
</engineerTo>
<referedAttribute>BC64C42E-BF0A-4B36-41F6-16BAFA2598FE</referedAttribute>
<useDomainConstraints>false</useDomainConstraints>
<use>1</use>
<logicalDatatype>LOGDT011</logicalDatatype>
<ownDataTypeParameters>,,</ownDataTypeParameters>
</Attribute>
<Attribute name="felelosAzon" id="9FDF7B15-B1E7-67D7-43F1-E2ACA539D266">
<createdBy>nagyandras95</createdBy>
<createdTime>2016-11-16 15:30:56 UTC</createdTime>
<generatorID>D6AF3F29-2E55-CD6B-CDAB-FA263C058F89</generatorID>
<ownerDesignName>cramhead_logical_relational_final_final</ownerDesignName>
<importedID>1A8E05BD-5991-F587-F5E9-C7EDBDB16AF6</importedID>
<engineerTo>
<item key="32723EEC-F63A-0672-CED9-3D68679F2D30" value="true"/>
</engineerTo>
<referedAttribute>98CA322D-9933-E78C-EB94-AE727B6BA2D0</referedAttribute>
<useDomainConstraints>false</useDomainConstraints>
<use>1</use>
<logicalDatatype>LOGDT011</logicalDatatype>
<ownDataTypeParameters>,,</ownDataTypeParameters>
</Attribute>
<Attribute name="szallodaAzon" id="B4F99628-3052-4F0B-96C1-36453B9B3E70">
<createdBy>nagyandras95</createdBy>
<createdTime>2016-11-16 15:30:56 UTC</createdTime>
<generatorID>39CB8120-B26F-631C-7365-207D4E74E680</generatorID>
<ownerDesignName>cramhead_logical_relational_final_final</ownerDesignName>
<importedID>CA5FF2A8-A84B-E92D-869E-1B689E892B18</importedID>
<engineerTo>
<item key="32723EEC-F63A-0672-CED9-3D68679F2D30" value="true"/>
</engineerTo>
<referedAttribute>DDD6DEB9-F63C-8849-B574-459C4BF567E5</referedAttribute>
<useDomainConstraints>false</useDomainConstraints>
<use>1</use>
<logicalDatatype>LOGDT011</logicalDatatype>
<ownDataTypeParameters>,,</ownDataTypeParameters>
</Attribute>
<Attribute name="Datum" id="6D2648E4-ABCC-D5B7-9214-CC9609247290">
<createdBy>nagyandras95</createdBy>
<createdTime>2016-11-16 15:51:52 UTC</createdTime>
<ownerDesignName>cramhead_logical_relational_final_final</ownerDesignName>
<engineerTo>
<item key="32723EEC-F63A-0672-CED9-3D68679F2D30" value="true"/>
</engineerTo>
<nullsAllowed>true</nullsAllowed>
<useDomainConstraints>false</useDomainConstraints>
<use>1</use>
<logicalDatatype>LOGDT007</logicalDatatype>
<ownDataTypeParameters>,,</ownDataTypeParameters>
</Attribute>
<Attribute name="Megj" id="4A5A5A30-1191-B132-F09A-E1039DDA25AE">
<createdBy>nagyandras95</createdBy>
<createdTime>2016-11-16 15:53:39 UTC</createdTime>
<ownerDesignName>cramhead_logical_relational_final_final</ownerDesignName>
<engineerTo>
<item key="32723EEC-F63A-0672-CED9-3D68679F2D30" value="true"/>
</engineerTo>
<nullsAllowed>true</nullsAllowed>
<useDomainConstraints>false</useDomainConstraints>
<use>1</use>
<logicalDatatype>LOGDT024</logicalDatatype>
<dataTypeSize>30</dataTypeSize>
<ownDataTypeParameters>30,,</ownDataTypeParameters>
</Attribute>
<Attribute name="oktatoAzon" id="B6B4F788-2EB0-11A0-EBBE-F283D2E1FDB2">
<createdBy>nagyandras95</createdBy>
<createdTime>2016-11-16 16:10:11 UTC</createdTime>
<generatorID>840EF388-153A-B542-3E3A-7AB5B10E129C</generatorID>
<ownerDesignName>cramhead_logical_relational_final_final</ownerDesignName>
<engineerTo>
<item key="32723EEC-F63A-0672-CED9-3D68679F2D30" value="true"/>
</engineerTo>
<referedAttribute>3150F280-D99C-975F-8FC5-B78F0F3B6937</referedAttribute>
<useDomainConstraints>false</useDomainConstraints>
<use>1</use>
<logicalDatatype>LOGDT011</logicalDatatype>
<ownDataTypeParameters>,,</ownDataTypeParameters>
</Attribute>
</attributes>
<identifiers itemClass="oracle.dbtools.crest.model.design.logical.CandidateKey">
<identifier id="55FAB0BB-9315-0152-8DA8-19590619A125" name="Tanfolyam PK">
<createdBy>nagyandras95</createdBy>
<createdTime>2016-11-16 15:30:56 UTC</createdTime>
<ownerDesignName>cramhead_logical_relational_final_final</ownerDesignName>
<importedID>F0E5D361-067E-9DBD-8212-83A92C138940</importedID>
<engineerTo>
<item key="32723EEC-F63A-0672-CED9-3D68679F2D30" value="true"/>
</engineerTo>
<pk>true</pk>
<usedAttributes>
<attributeRef>3710C533-69DE-ADD5-FED8-081C7BDC338F</attributeRef>
</usedAttributes>
</identifier>
</identifiers>
</Entity>