<?xml version = '1.0' encoding = 'UTF-8'?>
<DataFlowDesign class="oracle.dbtools.crest.model.design.process.DataFlowDesign" name="Data Flow Diagram_1" id="8E97A106-B259-2279-872B-BA183D96616C" mainViewID="92E7DE83-649E-0E9C-0429-B6E598B7752C" topLevel="true">
<createdBy>mozsik</createdBy>
<createdTime>2016-10-04 16:03:15 UTC</createdTime>
<ownerDesignName>cramhead_dfd</ownerDesignName>
<shouldBeOpen>true</shouldBeOpen>
<processOrderString>6DF6CD71-0EED-C7B2-1731-553964C103C9</processOrderString>
</DataFlowDesign>