<?xml version = '1.0' encoding = 'UTF-8'?>
<Process class="oracle.dbtools.crest.model.design.process.Process" name="tanfolyam ügyintéző" directorySegmentName="seg_0" id="6DF6CD71-0EED-C7B2-1731-553964C103C9">
<createdBy>mozsik</createdBy>
<createdTime>2016-10-04 16:04:03 UTC</createdTime>
<ownerDesignName>cramhead_dfd</ownerDesignName>
<primary>false</primary>
<batchMinimumTransactions>1000</batchMinimumTransactions>
<batchTimeUnit>Second</batchTimeUnit>
<footNote>foglalások előkészítése</footNote>
<frequencyTimeUnit>Day</frequencyTimeUnit>
<frequencyTimes>0</frequencyTimes>
<interactiveLongestResponseTime>5</interactiveLongestResponseTime>
<interactiveResponseTimeUnit>Second</interactiveResponseTimeUnit>
<mode>Unknown</mode>
<priority>Low</priority>
<peakPeriodsString>000000000000000000000000</peakPeriodsString>
</Process>