<?xml version = '1.0' encoding = 'UTF-8'?>
<Table class="oracle.dbtools.crest.model.design.relational.Table" directorySegmentName="seg_0" id="D84BD8F0-E594-62EA-ECE1-194E4117B5CC" name="Oktato">
<createdBy>nagy</createdBy>
<createdTime>2016-11-22 13:51:51 UTC</createdTime>
<generatorID>42BBBC53-5488-112A-C876-7976E34BA241</generatorID>
<ownerDesignName>cremhead_rel_na_final</ownerDesignName>
<importedID>4A51B577-A253-EF9E-1129-98B92B7A8DF5</importedID>
<allowColumnReorder>false</allowColumnReorder>
<existDependencyGenerateInDDl>true</existDependencyGenerateInDDl>
<parsed>true</parsed>
<columns itemClass="oracle.dbtools.crest.model.design.relational.Column">
<Column name="oktatoAzon" id="14E9E080-B02B-05C5-A214-AD17CB97A549">
<createdBy>nagy</createdBy>
<createdTime>2016-11-22 13:51:51 UTC</createdTime>
<generatorID>85FF0A53-E30C-5C4D-321F-10577AC40D1E</generatorID>
<ownerDesignName>cremhead_rel_na_final</ownerDesignName>
<importedID>F0C325F3-7542-FEA2-B241-D71124A142B7</importedID>
<useDomainConstraints>false</useDomainConstraints>
<use>1</use>
<logicalDatatype>LOGDT011</logicalDatatype>
<ownDataTypeParameters>,,</ownDataTypeParameters>
<autoIncrementCycle>false</autoIncrementCycle>
</Column>
<Column name="oktatoNev" id="ADB8BB86-45CE-FEC9-9DCA-FEDEBA21A737">
<createdBy>nagy</createdBy>
<createdTime>2016-11-22 13:51:51 UTC</createdTime>
<generatorID>3042FDC3-657F-0273-6028-E564DA55894A</generatorID>
<ownerDesignName>cremhead_rel_na_final</ownerDesignName>
<importedID>751C8B86-CA74-7BCE-466C-F13B497C7A7C</importedID>
<nullsAllowed>true</nullsAllowed>
<useDomainConstraints>false</useDomainConstraints>
<use>1</use>
<logicalDatatype>LOGDT024</logicalDatatype>
<dataTypeSize>40</dataTypeSize>
<ownDataTypeParameters>40,,</ownDataTypeParameters>
<autoIncrementCycle>false</autoIncrementCycle>
</Column>
</columns>
<indexes itemClass="oracle.dbtools.crest.model.design.relational.Index">
<ind_PK_UK id="9426B229-0717-DEB3-EB01-44D22007DF4B" name="Oktato_PK">
<createdBy>nagy</createdBy>
<createdTime>2016-11-22 13:51:51 UTC</createdTime>
<generatorID>FF335D30-0E48-3800-26BC-599D2F70E99C</generatorID>
<ownerDesignName>cremhead_rel_na_final</ownerDesignName>
<importedID>16FE3663-C33E-2071-1E6A-E37AEC661A35</importedID>
<pk>true</pk>
<indexState>Primary Constraint</indexState>
<isSurrogateKey>false</isSurrogateKey>
<indexColumnUsage>
<colUsage columnID="14E9E080-B02B-05C5-A214-AD17CB97A549"/>
</indexColumnUsage>
</ind_PK_UK>
</indexes>
</Table>