<?xml version = '1.0' encoding = 'UTF-8'?>
<Table class="oracle.dbtools.crest.model.design.relational.Table" directorySegmentName="seg_0" id="F3281E6D-76D9-32A3-2C08-6CD2280414C9" name="Tanfolyam_tipus">
<createdBy>nagy</createdBy>
<createdTime>2016-11-22 13:51:51 UTC</createdTime>
<generatorID>136764D3-CD76-9F31-00FA-F896106DC46C</generatorID>
<ownerDesignName>cremhead_rel_na_final</ownerDesignName>
<importedID>3F2C28E9-5918-EA59-A756-52C6B5ABDCEF</importedID>
<allowColumnReorder>false</allowColumnReorder>
<existDependencyGenerateInDDl>true</existDependencyGenerateInDDl>
<parsed>true</parsed>
<columns itemClass="oracle.dbtools.crest.model.design.relational.Column">
<Column name="tipusAzon" id="4D934727-6788-FE7E-7130-065533461567">
<createdBy>nagy</createdBy>
<createdTime>2016-11-22 13:51:51 UTC</createdTime>
<generatorID>0E434A0C-4976-9EF5-3070-4E8C5EC26D63</generatorID>
<ownerDesignName>cremhead_rel_na_final</ownerDesignName>
<importedID>F8E2B2D1-51BD-B23B-9DAB-82985DA62DDC</importedID>
<useDomainConstraints>false</useDomainConstraints>
<use>1</use>
<logicalDatatype>LOGDT011</logicalDatatype>
<ownDataTypeParameters>,,</ownDataTypeParameters>
<autoIncrementCycle>false</autoIncrementCycle>
</Column>
<Column name="Leiras" id="73AF2D4E-B6E5-1C3F-7F3A-9F10858A8D5C">
<createdBy>nagy</createdBy>
<createdTime>2016-11-22 13:51:51 UTC</createdTime>
<generatorID>4F74C56B-968C-B2E8-E27E-896CAEC1210F</generatorID>
<ownerDesignName>cremhead_rel_na_final</ownerDesignName>
<importedID>06E1978B-DCD4-C3BB-3ADA-C3337B79491E</importedID>
<nullsAllowed>true</nullsAllowed>
<useDomainConstraints>false</useDomainConstraints>
<use>1</use>
<logicalDatatype>LOGDT024</logicalDatatype>
<dataTypeSize>30</dataTypeSize>
<ownDataTypeParameters>30,,</ownDataTypeParameters>
<autoIncrementCycle>false</autoIncrementCycle>
</Column>
</columns>
<indexes itemClass="oracle.dbtools.crest.model.design.relational.Index">
<ind_PK_UK id="B4C9E444-8E81-E613-2B00-E0CBE08AE83B" name="Tanfolyam_tipus_PK">
<createdBy>nagy</createdBy>
<createdTime>2016-11-22 13:51:51 UTC</createdTime>
<generatorID>5B7ED183-A5F5-6DB0-5E4A-8DF58C6EC3EE</generatorID>
<ownerDesignName>cremhead_rel_na_final</ownerDesignName>
<importedID>17823AEC-FC6E-14B4-9E56-35978BBB2942</importedID>
<pk>true</pk>
<indexState>Primary Constraint</indexState>
<isSurrogateKey>false</isSurrogateKey>
<indexColumnUsage>
<colUsage columnID="4D934727-6788-FE7E-7130-065533461567"/>
</indexColumnUsage>
</ind_PK_UK>
</indexes>
</Table>