<?xml version = '1.0' encoding = 'UTF-8'?>
<Entity class="oracle.dbtools.crest.model.design.logical.Entity" directorySegmentName="seg_0" id="78EBCFD1-C801-67D1-B99D-FF6052CEBEA4" name="Kuldott">
<createdBy>nagy</createdBy>
<createdTime>2016-11-22 13:51:51 UTC</createdTime>
<ownerDesignName>cremhead_rel_na_final</ownerDesignName>
<importedID>F0B36143-06B8-8E0B-073C-2BF11A50641D</importedID>
<engineerTo>
<item key="373F37EB-A9B7-B5A3-A7BD-BC96B71DE8EB" value="true"/>
</engineerTo>
<adequatelyNormalized>NO</adequatelyNormalized>
<expectedVolumes>0</expectedVolumes>
<fwdEngineeringStrategyName>Single Table</fwdEngineeringStrategyName>
<growthPercent>0</growthPercent>
<growthType>Year</growthType>
<maxVolumes>9999999</maxVolumes>
<minVolumes>0</minVolumes>
<normalForm>Third</normalForm>
<attributes itemClass="oracle.dbtools.crest.model.design.logical.Attribute">
<Attribute name="kuldottAzon" id="CFB7EC0F-D14E-1FF8-07DC-1D96A2FBEF9A">
<createdBy>nagy</createdBy>
<createdTime>2016-11-22 13:51:51 UTC</createdTime>
<ownerDesignName>cremhead_rel_na_final</ownerDesignName>
<importedID>BDA0648D-D12C-B12E-B152-6DA2CA532344</importedID>
<engineerTo>
<item key="373F37EB-A9B7-B5A3-A7BD-BC96B71DE8EB" value="true"/>
</engineerTo>
<useDomainConstraints>false</useDomainConstraints>
<use>1</use>
<logicalDatatype>LOGDT011</logicalDatatype>
<ownDataTypeParameters>,,</ownDataTypeParameters>
</Attribute>
<Attribute name="kuldottNev" id="4DE19D7B-5E39-7B3E-D5BD-800303860782">
<createdBy>nagy</createdBy>
<createdTime>2016-11-22 13:51:51 UTC</createdTime>
<ownerDesignName>cremhead_rel_na_final</ownerDesignName>
<importedID>E2FDFF9C-8506-BA44-965B-77813BE22E73</importedID>
<engineerTo>
<item key="373F37EB-A9B7-B5A3-A7BD-BC96B71DE8EB" value="true"/>
</engineerTo>
<useDomainConstraints>false</useDomainConstraints>
<use>1</use>
<logicalDatatype>LOGDT024</logicalDatatype>
<dataTypeSize>40</dataTypeSize>
<ownDataTypeParameters>40,,</ownDataTypeParameters>
</Attribute>
<Attribute name="foglalasAzon" id="D833A34D-0BFE-AE3A-80CF-58728A060325">
<createdBy>nagy</createdBy>
<createdTime>2016-11-22 13:51:51 UTC</createdTime>
<generatorID>B53CB9C0-81F3-63BA-FF98-26702F6079B8</generatorID>
<ownerDesignName>cremhead_rel_na_final</ownerDesignName>
<importedID>030287C3-0FE6-3E73-D367-BFBC6B0A60A3</importedID>
<engineerTo>
<item key="373F37EB-A9B7-B5A3-A7BD-BC96B71DE8EB" value="true"/>
</engineerTo>
<referedAttribute>51FAE614-7CF7-31D9-D387-873CFBFF32EA</referedAttribute>
<useDomainConstraints>false</useDomainConstraints>
<use>1</use>
<logicalDatatype>LOGDT011</logicalDatatype>
<ownDataTypeParameters>,,</ownDataTypeParameters>
</Attribute>
<Attribute name="keszenleti" id="D3E5876F-2F3D-B395-8B99-565529ED6F99">
<createdBy>nagy</createdBy>
<createdTime>2016-11-22 13:51:51 UTC</createdTime>
<ownerDesignName>cremhead_rel_na_final</ownerDesignName>
<importedID>BF5C0C84-EAD3-CBC2-EC6E-881D10F969DF</importedID>
<engineerTo>
<item key="373F37EB-A9B7-B5A3-A7BD-BC96B71DE8EB" value="true"/>
</engineerTo>
<nullsAllowed>true</nullsAllowed>
<useDomainConstraints>false</useDomainConstraints>
<use>1</use>
<logicalDatatype>LOGDT006</logicalDatatype>
<dataTypeSize>1</dataTypeSize>
<ownDataTypeParameters>1,,</ownDataTypeParameters>
</Attribute>
<Attribute name="torolt" id="B48C7EFD-58BE-2FB1-6EB0-3AF7CD79A202">
<createdBy>nagy</createdBy>
<createdTime>2016-11-22 13:51:51 UTC</createdTime>
<ownerDesignName>cremhead_rel_na_final</ownerDesignName>
<importedID>8CA529A0-02F3-BA18-4D6C-E7CD978F390E</importedID>
<engineerTo>
<item key="373F37EB-A9B7-B5A3-A7BD-BC96B71DE8EB" value="true"/>
</engineerTo>
<nullsAllowed>true</nullsAllowed>
<useDomainConstraints>false</useDomainConstraints>
<use>1</use>
<logicalDatatype>LOGDT006</logicalDatatype>
<dataTypeSize>1</dataTypeSize>
<ownDataTypeParameters>1,,</ownDataTypeParameters>
</Attribute>
</attributes>
<identifiers itemClass="oracle.dbtools.crest.model.design.logical.CandidateKey">
<identifier id="D345B9C1-1E2E-ECA6-67B1-6E9FCB2BEC77" name="Kuldott PK">
<createdBy>nagy</createdBy>
<createdTime>2016-11-22 13:51:51 UTC</createdTime>
<ownerDesignName>cremhead_rel_na_final</ownerDesignName>
<importedID>A4D226B3-E828-BB82-9979-34B43F9C7E8C</importedID>
<engineerTo>
<item key="373F37EB-A9B7-B5A3-A7BD-BC96B71DE8EB" value="true"/>
</engineerTo>
<pk>true</pk>
<usedAttributes>
<attributeRef>CFB7EC0F-D14E-1FF8-07DC-1D96A2FBEF9A</attributeRef>
</usedAttributes>
</identifier>
</identifiers>
</Entity>