<?xml version = '1.0' encoding = 'UTF-8'?>
<StructuredType class="oracle.dbtools.crest.model.design.datatypes.StructuredType" name="SDO_GEOMETRY" directorySegmentName="seg_0" id="47E390DE-0671-C4B1-8428-0F45CBEE18F8">
<createdBy>nagyandras95</createdBy>
<createdTime>2016-11-16 15:30:27 UTC</createdTime>
<ownerDesignName>cramhead_logical_relational_final_final</ownerDesignName>
<visible>false</visible>
<predefined>true</predefined>
<final>false</final>
<instantiable>true</instantiable>
</StructuredType>