<?xml version = '1.0' encoding = 'UTF-8'?>
<Relation class="oracle.dbtools.crest.model.design.logical.Relation" name="Relation_14" directorySegmentName="seg_0" id="598FA129-9A85-733C-F41E-6C228C914F6B">
<createdBy>mozsi</createdBy>
<createdTime>2016-11-26 17:32:09 UTC</createdTime>
<ownerDesignName>cramhead_final_after_inserting_data</ownerDesignName>
<importedID>68D8D4B5-019D-8742-5735-15B4C3AFD280</importedID>
<engineerTo>
<item key="D65541ED-3567-7732-5B10-090D13A15138" value="true"/>
</engineerTo>
<sourcePk>C38D70A7-E92B-1869-14C2-1BB8E6CF8F64</sourcePk>
<identifying>false</identifying>
<optionalSource>false</optionalSource>
<optionalTarget>false</optionalTarget>
<sourceCardinality>1</sourceCardinality>
<sourceEntity>AF77E0FB-4B81-7172-0F94-CB81BBDE0258</sourceEntity>
<targetCardinalityString>*</targetCardinalityString>
<targetEntity>BB33EDA6-D119-D62F-CE8C-DB38084D5EEF</targetEntity>
<transferable>true</transferable>
<deleteRule>NO ACTION</deleteRule>
</Relation>