<?xml version = '1.0' encoding = 'UTF-8'?>
<Relation class="oracle.dbtools.crest.model.design.logical.Relation" name="Relation_17" directorySegmentName="seg_0" id="893E2E1F-9AC0-8468-F7F6-EA30D506A28B">
<createdBy>mozsi</createdBy>
<createdTime>2016-11-26 17:32:09 UTC</createdTime>
<ownerDesignName>cramhead_final_after_inserting_data</ownerDesignName>
<importedID>6BF8E188-2AFF-9301-FB96-6E686251FA27</importedID>
<engineerTo>
<item key="D65541ED-3567-7732-5B10-090D13A15138" value="true"/>
</engineerTo>
<sourcePk>64A4EA0C-1F78-FD0D-AB3F-9489B4797AF1</sourcePk>
<identifying>false</identifying>
<optionalSource>false</optionalSource>
<optionalTarget>false</optionalTarget>
<sourceCardinality>1</sourceCardinality>
<sourceEntity>AEA6C2A0-C4D6-20E3-67F8-72F98AD810AB</sourceEntity>
<targetCardinalityString>*</targetCardinalityString>
<targetEntity>1FE1F853-A6F9-F3F7-38BC-8B116BD2A773</targetEntity>
<transferable>true</transferable>
<deleteRule>NO ACTION</deleteRule>
</Relation>