<?xml version = '1.0' encoding = 'UTF-8'?>
<Relation class="oracle.dbtools.crest.model.design.logical.Relation" name="Relation_21" directorySegmentName="seg_0" id="8A59D2DC-743D-58FB-4318-A846A4D86B81">
<createdBy>mozsi</createdBy>
<createdTime>2016-11-26 17:32:09 UTC</createdTime>
<ownerDesignName>cramhead_final_after_inserting_data</ownerDesignName>
<importedID>16092B07-B718-19DF-0BB0-3785B3DE3E27</importedID>
<engineerTo>
<item key="D65541ED-3567-7732-5B10-090D13A15138" value="true"/>
</engineerTo>
<sourcePk>F3C22041-7C98-0A81-5325-F51AAB2FDA39</sourcePk>
<identifying>false</identifying>
<optionalSource>false</optionalSource>
<optionalTarget>true</optionalTarget>
<sourceCardinality>1</sourceCardinality>
<sourceEntity>D3E98178-0209-C951-578C-510D3D0DD62D</sourceEntity>
<targetCardinalityString>*</targetCardinalityString>
<targetEntity>9AD58B67-53E2-544F-5747-90221578D6DE</targetEntity>
<transferable>true</transferable>
<deleteRule>NO ACTION</deleteRule>
</Relation>