<?xml version = '1.0' encoding = 'UTF-8'?>
<Relation class="oracle.dbtools.crest.model.design.logical.Relation" name="Relation_18" directorySegmentName="seg_0" id="A631F7A6-FAF0-775C-D173-FF393E0786BC">
<createdBy>mozsi</createdBy>
<createdTime>2016-11-26 17:32:09 UTC</createdTime>
<ownerDesignName>cramhead_final_after_inserting_data</ownerDesignName>
<importedID>4F8BCD75-C0A3-C7BB-5B05-E6300C72FEB2</importedID>
<engineerTo>
<item key="D65541ED-3567-7732-5B10-090D13A15138" value="true"/>
</engineerTo>
<sourcePk>64A4EA0C-1F78-FD0D-AB3F-9489B4797AF1</sourcePk>
<identifying>false</identifying>
<optionalSource>false</optionalSource>
<optionalTarget>false</optionalTarget>
<sourceCardinality>1</sourceCardinality>
<sourceEntity>AEA6C2A0-C4D6-20E3-67F8-72F98AD810AB</sourceEntity>
<targetCardinalityString>*</targetCardinalityString>
<targetEntity>D3E98178-0209-C951-578C-510D3D0DD62D</targetEntity>
<transferable>true</transferable>
<deleteRule>NO ACTION</deleteRule>
</Relation>