<?xml version = '1.0' encoding = 'UTF-8'?>
<relationalModel class="oracle.dbtools.crest.model.design.relational.RelationalDesign" name="Relational_1" id="32723EEC-F63A-0672-CED9-3D68679F2D30" mainViewID="57B99E46-C3C9-5487-B19C-B6AE8FD032B2">
<createdBy>nagyandras95</createdBy>
<createdTime>2016-11-16 16:10:40 UTC</createdTime>
<ownerDesignName>cramhead_logical_relational_final_final</ownerDesignName>
<shouldBeOpen>false</shouldBeOpen>
<selectedRDBMSSite>32076570-2523-435C-2E92-BF29817DFF70</selectedRDBMSSite>
</relationalModel>