<?xml version = '1.0' encoding = 'UTF-8'?>
<relationalModel class="oracle.dbtools.crest.model.design.relational.RelationalDesign" name="Relational_1" id="0B83003D-9844-7319-1424-41A703D079BB" mainViewID="59936619-8C09-7E8E-2A22-76EE9B5564FB">
<createdBy>mozsik</createdBy>
<createdTime>2016-10-04 16:04:03 UTC</createdTime>
<ownerDesignName>cramhead_dfd</ownerDesignName>
<shouldBeOpen>false</shouldBeOpen>
<selectedRDBMSSite>32076570-2523-435C-2E92-BF29817DFF70</selectedRDBMSSite>
</relationalModel>