<?xml version = '1.0' encoding = 'UTF-8'?>
<Relation class="oracle.dbtools.crest.model.design.logical.Relation" name="Relation_18" directorySegmentName="seg_0" id="4D20ABEC-DAA4-1F70-0191-89695C35CE6D">
<createdBy>nagyandras95</createdBy>
<createdTime>2016-11-16 15:30:56 UTC</createdTime>
<ownerDesignName>cramhead_logical_relational_final_final</ownerDesignName>
<importedID>BF6DFB19-E603-C3FD-E838-B98542BCD5D9</importedID>
<engineerTo>
<item key="32723EEC-F63A-0672-CED9-3D68679F2D30" value="true"/>
</engineerTo>
<sourcePk>80A3F91D-F1E9-C8D5-4BEC-3024581F7F4C</sourcePk>
<identifying>false</identifying>
<optionalSource>false</optionalSource>
<optionalTarget>false</optionalTarget>
<sourceCardinality>1</sourceCardinality>
<sourceEntity>222FC7BB-283F-EE6A-BD53-E0A298F29802</sourceEntity>
<targetCardinalityString>*</targetCardinalityString>
<targetEntity>56AE8C5B-FF75-59CF-1F49-AEBCD463C8CE</targetEntity>
<transferable>true</transferable>
<deleteRule>NO ACTION</deleteRule>
</Relation>