<?xml version = '1.0' encoding = 'UTF-8'?>
<Relation class="oracle.dbtools.crest.model.design.logical.Relation" name="Relation_21" directorySegmentName="seg_0" id="7E8A9CF6-CFF4-9F81-C1C8-585E53B047F8">
<createdBy>nagyandras95</createdBy>
<createdTime>2016-11-16 15:30:56 UTC</createdTime>
<ownerDesignName>cramhead_logical_relational_final_final</ownerDesignName>
<importedID>B47DC50B-7989-06C1-C5C3-A1E531BB72F5</importedID>
<engineerTo>
<item key="32723EEC-F63A-0672-CED9-3D68679F2D30" value="true"/>
</engineerTo>
<sourcePk>55FAB0BB-9315-0152-8DA8-19590619A125</sourcePk>
<identifying>false</identifying>
<optionalSource>false</optionalSource>
<optionalTarget>true</optionalTarget>
<sourceCardinality>1</sourceCardinality>
<sourceEntity>56AE8C5B-FF75-59CF-1F49-AEBCD463C8CE</sourceEntity>
<targetCardinalityString>*</targetCardinalityString>
<targetEntity>144888D1-48CD-6F71-643B-28F6E44BC47A</targetEntity>
<transferable>true</transferable>
<deleteRule>NO ACTION</deleteRule>
</Relation>