<?xml version = '1.0' encoding = 'UTF-8'?>
<Relation class="oracle.dbtools.crest.model.design.logical.Relation" name="Relation_19" directorySegmentName="seg_0" id="840EF388-153A-B542-3E3A-7AB5B10E129C">
<createdBy>nagyandras95</createdBy>
<createdTime>2016-11-16 15:30:56 UTC</createdTime>
<ownerDesignName>cramhead_logical_relational_final_final</ownerDesignName>
<importedID>62B5F91C-C231-5534-A741-8055E4BF0261</importedID>
<engineerTo>
<item key="32723EEC-F63A-0672-CED9-3D68679F2D30" value="true"/>
</engineerTo>
<sourcePk>6CF209EA-5EC5-ED54-9961-CA5332A5B3FC</sourcePk>
<targetPk>55FAB0BB-9315-0152-8DA8-19590619A125</targetPk>
<identifying>false</identifying>
<optionalSource>false</optionalSource>
<optionalTarget>false</optionalTarget>
<sourceCardinality>1</sourceCardinality>
<sourceEntity>3B0F8E34-CA73-C529-E3FA-AC387871BBF9</sourceEntity>
<targetCardinalityString>1</targetCardinalityString>
<targetEntity>56AE8C5B-FF75-59CF-1F49-AEBCD463C8CE</targetEntity>
<transferable>true</transferable>
<deleteRule>NO ACTION</deleteRule>
</Relation>