<?xml version = '1.0' encoding = 'UTF-8'?>
<Relation class="oracle.dbtools.crest.model.design.logical.Relation" name="Relation_14" directorySegmentName="seg_0" id="8B7831E3-2284-B546-F585-900CAF021CBD">
<createdBy>nagyandras95</createdBy>
<createdTime>2016-11-16 15:41:39 UTC</createdTime>
<ownerDesignName>cramhead_logical_relational_final_final</ownerDesignName>
<engineerTo>
<item key="32723EEC-F63A-0672-CED9-3D68679F2D30" value="true"/>
</engineerTo>
<sourcePk>E6E6280E-6819-9E04-3A6D-882A329A7D83</sourcePk>
<identifying>false</identifying>
<optionalSource>false</optionalSource>
<optionalTarget>false</optionalTarget>
<sourceCardinality>1</sourceCardinality>
<sourceEntity>1E2E7DDE-9E88-8EB7-405B-F0E33E12535E</sourceEntity>
<targetCardinalityString>*</targetCardinalityString>
<targetEntity>A1DDEEAC-1CEA-2CAE-471B-ACFC50C51E22</targetEntity>
<transferable>true</transferable>
<deleteRule>NO ACTION</deleteRule>
</Relation>