<?xml version = '1.0' encoding = 'UTF-8'?>
<Relation class="oracle.dbtools.crest.model.design.logical.Relation" name="Relation_20" directorySegmentName="seg_0" id="D6AF3F29-2E55-CD6B-CDAB-FA263C058F89">
<createdBy>nagyandras95</createdBy>
<createdTime>2016-11-16 15:30:56 UTC</createdTime>
<ownerDesignName>cramhead_logical_relational_final_final</ownerDesignName>
<importedID>192EF537-B21A-C89F-CF94-7AB68E314DE3</importedID>
<engineerTo>
<item key="32723EEC-F63A-0672-CED9-3D68679F2D30" value="true"/>
</engineerTo>
<sourcePk>317E097E-EC5D-7005-CB8F-D57CFEE159F7</sourcePk>
<identifying>false</identifying>
<optionalSource>false</optionalSource>
<optionalTarget>false</optionalTarget>
<sourceCardinality>1</sourceCardinality>
<sourceEntity>148959C9-F031-3E8F-AE5C-60F8FB0ABEA1</sourceEntity>
<targetCardinalityString>*</targetCardinalityString>
<targetEntity>56AE8C5B-FF75-59CF-1F49-AEBCD463C8CE</targetEntity>
<transferable>true</transferable>
<deleteRule>NO ACTION</deleteRule>
</Relation>