<?xml version = '1.0' encoding = 'UTF-8'?>
<Relation class="oracle.dbtools.crest.model.design.logical.Relation" name="Relation_22" directorySegmentName="seg_0" id="FB42D8AE-434F-C6D1-5AF4-5D5DDE907EB7">
<createdBy>nagyandras95</createdBy>
<createdTime>2016-11-16 15:45:53 UTC</createdTime>
<ownerDesignName>cramhead_logical_relational_final_final</ownerDesignName>
<engineerTo>
<item key="32723EEC-F63A-0672-CED9-3D68679F2D30" value="true"/>
</engineerTo>
<sourcePk>8FC0CAE7-05DB-B838-017B-7CEA1E5EE87B</sourcePk>
<identifying>false</identifying>
<optionalSource>false</optionalSource>
<optionalTarget>false</optionalTarget>
<sourceCardinality>1</sourceCardinality>
<sourceEntity>A1DDEEAC-1CEA-2CAE-471B-ACFC50C51E22</sourceEntity>
<targetCardinalityString>*</targetCardinalityString>
<targetEntity>B3BCB3B5-0A19-27D4-D3A9-BBFD07959A89</targetEntity>
<transferable>true</transferable>
<deleteRule>NO ACTION</deleteRule>
</Relation>