<?xml version = '1.0' encoding = 'UTF-8'?>
<Entity class="oracle.dbtools.crest.model.design.logical.Entity" directorySegmentName="seg_0" id="42523C75-40AF-BA6A-E8A7-8D08A02C3CEA" name="Foglalas">
<createdBy>nagy</createdBy>
<createdTime>2016-11-22 13:51:51 UTC</createdTime>
<ownerDesignName>cramhead_relational_model_</ownerDesignName>
<importedID>7385BD8E-6EE1-C4A1-AD41-4E210C29E03A</importedID>
<engineerTo>
<item key="373F37EB-A9B7-B5A3-A7BD-BC96B71DE8EB" value="true"/>
</engineerTo>
<adequatelyNormalized>NO</adequatelyNormalized>
<expectedVolumes>0</expectedVolumes>
<fwdEngineeringStrategyName>Single Table</fwdEngineeringStrategyName>
<growthPercent>0</growthPercent>
<growthType>Year</growthType>
<maxVolumes>9999999</maxVolumes>
<minVolumes>0</minVolumes>
<normalForm>Third</normalForm>
<attributes itemClass="oracle.dbtools.crest.model.design.logical.Attribute">
<Attribute name="foglalasAzon" id="51FAE614-7CF7-31D9-D387-873CFBFF32EA">
<createdBy>nagy</createdBy>
<createdTime>2016-11-22 13:51:51 UTC</createdTime>
<ownerDesignName>cramhead_relational_model_</ownerDesignName>
<importedID>A65B7B87-0F38-7B7B-1355-21CD239C9366</importedID>
<engineerTo>
<item key="373F37EB-A9B7-B5A3-A7BD-BC96B71DE8EB" value="true"/>
</engineerTo>
<useDomainConstraints>false</useDomainConstraints>
<use>1</use>
<logicalDatatype>LOGDT011</logicalDatatype>
<ownDataTypeParameters>,,</ownDataTypeParameters>
</Attribute>
<Attribute name="ideiglenes" id="B8026D43-50AB-CBDA-B0A2-F14F9A0ED28D">
<createdBy>nagy</createdBy>
<createdTime>2016-11-22 13:51:51 UTC</createdTime>
<ownerDesignName>cramhead_relational_model_</ownerDesignName>
<importedID>E5292566-076F-C765-DEC5-8CFE7CA05C8D</importedID>
<engineerTo>
<item key="373F37EB-A9B7-B5A3-A7BD-BC96B71DE8EB" value="true"/>
</engineerTo>
<useDomainConstraints>false</useDomainConstraints>
<use>1</use>
<logicalDatatype>LOGDT006</logicalDatatype>
<dataTypeSize>1</dataTypeSize>
<ownDataTypeParameters>1,,</ownDataTypeParameters>
</Attribute>
<Attribute name="ugyfelAzon" id="4F35AD5C-3875-E68A-9573-12650A2581DB">
<createdBy>nagy</createdBy>
<createdTime>2016-11-22 13:51:51 UTC</createdTime>
<generatorID>68D8D4B5-019D-8742-5735-15B4C3AFD280</generatorID>
<ownerDesignName>cramhead_relational_model_</ownerDesignName>
<importedID>B5661BAF-E8CC-D078-2E57-3576F864C6DC</importedID>
<engineerTo>
<item key="373F37EB-A9B7-B5A3-A7BD-BC96B71DE8EB" value="true"/>
</engineerTo>
<referedAttribute>FE2EA7B2-4F2B-4823-BDCB-4C25DAF74C87</referedAttribute>
<useDomainConstraints>false</useDomainConstraints>
<use>1</use>
<logicalDatatype>LOGDT011</logicalDatatype>
<ownDataTypeParameters>,,</ownDataTypeParameters>
</Attribute>
<Attribute name="tanfolyamAzon" id="91CADA54-024B-D474-147A-A32AE694582F">
<createdBy>nagy</createdBy>
<createdTime>2016-11-22 13:51:51 UTC</createdTime>
<generatorID>519BCC2D-650D-926F-915A-7876217CA04D</generatorID>
<ownerDesignName>cramhead_relational_model_</ownerDesignName>
<importedID>6A5C4295-E8B8-0DD9-8465-4B88F54F03AD</importedID>
<engineerTo>
<item key="373F37EB-A9B7-B5A3-A7BD-BC96B71DE8EB" value="true"/>
</engineerTo>
<referedAttribute>1F331045-F7C8-7770-5D05-67C4DC11D29B</referedAttribute>
<useDomainConstraints>false</useDomainConstraints>
<use>1</use>
<logicalDatatype>LOGDT024</logicalDatatype>
<dataTypeSize>15</dataTypeSize>
<ownDataTypeParameters>15,,</ownDataTypeParameters>
</Attribute>
</attributes>
<identifiers itemClass="oracle.dbtools.crest.model.design.logical.CandidateKey">
<identifier id="0A7E9C6C-6D93-216B-0D46-EA7F9625EC54" name="Foglalas PK">
<createdBy>nagy</createdBy>
<createdTime>2016-11-22 13:51:51 UTC</createdTime>
<ownerDesignName>cramhead_relational_model_</ownerDesignName>
<importedID>AD40DB6E-4E3A-F089-D4DB-0ACC8EBD20DF</importedID>
<engineerTo>
<item key="373F37EB-A9B7-B5A3-A7BD-BC96B71DE8EB" value="true"/>
</engineerTo>
<pk>true</pk>
<usedAttributes>
<attributeRef>51FAE614-7CF7-31D9-D387-873CFBFF32EA</attributeRef>
</usedAttributes>
</identifier>
</identifiers>
</Entity>