<?xml version = '1.0' encoding = 'UTF-8'?>
<Entity class="oracle.dbtools.crest.model.design.logical.Entity" directorySegmentName="seg_0" id="52B7A442-420A-D006-1BF7-7C32EB4BF41D" name="Tanfolyam_felelos">
<createdBy>nagy</createdBy>
<createdTime>2016-11-22 13:51:51 UTC</createdTime>
<ownerDesignName>cramhead_relational_model_</ownerDesignName>
<importedID>28ADFD89-6739-D643-65B0-DAC55108799A</importedID>
<engineerTo>
<item key="373F37EB-A9B7-B5A3-A7BD-BC96B71DE8EB" value="true"/>
</engineerTo>
<adequatelyNormalized>NO</adequatelyNormalized>
<expectedVolumes>0</expectedVolumes>
<fwdEngineeringStrategyName>Single Table</fwdEngineeringStrategyName>
<growthPercent>0</growthPercent>
<growthType>Year</growthType>
<maxVolumes>9999999</maxVolumes>
<minVolumes>0</minVolumes>
<normalForm>Third</normalForm>
<attributes itemClass="oracle.dbtools.crest.model.design.logical.Attribute">
<Attribute name="felelosAzon" id="D71E6745-5059-856B-37F8-40E3B2522FE4">
<createdBy>nagy</createdBy>
<createdTime>2016-11-22 13:51:51 UTC</createdTime>
<ownerDesignName>cramhead_relational_model_</ownerDesignName>
<importedID>BC8A316A-AAFD-20AA-5F5D-7D58A52A342A</importedID>
<engineerTo>
<item key="373F37EB-A9B7-B5A3-A7BD-BC96B71DE8EB" value="true"/>
</engineerTo>
<useDomainConstraints>false</useDomainConstraints>
<use>1</use>
<logicalDatatype>LOGDT011</logicalDatatype>
<ownDataTypeParameters>,,</ownDataTypeParameters>
</Attribute>
<Attribute name="felelosNev" id="ADB092EC-819A-A970-8D6B-E91FA9087CB9">
<createdBy>nagy</createdBy>
<createdTime>2016-11-22 13:51:51 UTC</createdTime>
<ownerDesignName>cramhead_relational_model_</ownerDesignName>
<importedID>B9AF0003-AC02-8914-65CD-83383B37335E</importedID>
<engineerTo>
<item key="373F37EB-A9B7-B5A3-A7BD-BC96B71DE8EB" value="true"/>
</engineerTo>
<nullsAllowed>true</nullsAllowed>
<useDomainConstraints>false</useDomainConstraints>
<use>1</use>
<logicalDatatype>LOGDT024</logicalDatatype>
<dataTypeSize>40</dataTypeSize>
<ownDataTypeParameters>40,,</ownDataTypeParameters>
</Attribute>
</attributes>
<identifiers itemClass="oracle.dbtools.crest.model.design.logical.CandidateKey">
<identifier id="C909045D-AAFF-ADA4-883B-8C7B00847190" name="Tanfolyam_felelos PK">
<createdBy>nagy</createdBy>
<createdTime>2016-11-22 13:51:51 UTC</createdTime>
<ownerDesignName>cramhead_relational_model_</ownerDesignName>
<importedID>1B6225CE-136F-B19C-43FD-59F30D5954E3</importedID>
<engineerTo>
<item key="373F37EB-A9B7-B5A3-A7BD-BC96B71DE8EB" value="true"/>
</engineerTo>
<pk>true</pk>
<usedAttributes>
<attributeRef>D71E6745-5059-856B-37F8-40E3B2522FE4</attributeRef>
</usedAttributes>
</identifier>
</identifiers>
</Entity>