<?xml version = '1.0' encoding = 'UTF-8'?>
<Entity class="oracle.dbtools.crest.model.design.logical.Entity" directorySegmentName="seg_0" id="981D0D23-7EC3-3A7D-5E14-7D1925C1FAA1" name="Tanfolyam">
<createdBy>nagy</createdBy>
<createdTime>2016-11-22 13:51:51 UTC</createdTime>
<ownerDesignName>cramhead_relational_model_</ownerDesignName>
<importedID>2B8B2980-B3B4-1447-BEA7-FE3940045D94</importedID>
<engineerTo>
<item key="373F37EB-A9B7-B5A3-A7BD-BC96B71DE8EB" value="true"/>
</engineerTo>
<adequatelyNormalized>NO</adequatelyNormalized>
<expectedVolumes>0</expectedVolumes>
<fwdEngineeringStrategyName>Single Table</fwdEngineeringStrategyName>
<growthPercent>0</growthPercent>
<growthType>Year</growthType>
<maxVolumes>9999999</maxVolumes>
<minVolumes>0</minVolumes>
<normalForm>Third</normalForm>
<attributes itemClass="oracle.dbtools.crest.model.design.logical.Attribute">
<Attribute name="tanfolyamAzon" id="1F331045-F7C8-7770-5D05-67C4DC11D29B">
<createdBy>nagy</createdBy>
<createdTime>2016-11-22 13:51:51 UTC</createdTime>
<ownerDesignName>cramhead_relational_model_</ownerDesignName>
<importedID>4F52B716-8481-F418-A320-45E334D21CD6</importedID>
<engineerTo>
<item key="373F37EB-A9B7-B5A3-A7BD-BC96B71DE8EB" value="true"/>
</engineerTo>
<useDomainConstraints>false</useDomainConstraints>
<use>1</use>
<logicalDatatype>LOGDT024</logicalDatatype>
<dataTypeSize>15</dataTypeSize>
<ownDataTypeParameters>15,,</ownDataTypeParameters>
</Attribute>
<Attribute name="tipusAzon" id="D1D0B7CB-57E1-D9DA-B382-2140DBB994FC">
<createdBy>nagy</createdBy>
<createdTime>2016-11-22 13:51:51 UTC</createdTime>
<generatorID>4F8BCD75-C0A3-C7BB-5B05-E6300C72FEB2</generatorID>
<ownerDesignName>cramhead_relational_model_</ownerDesignName>
<importedID>46EC0477-D055-40C8-13C4-ECE9BD2D1763</importedID>
<engineerTo>
<item key="373F37EB-A9B7-B5A3-A7BD-BC96B71DE8EB" value="true"/>
</engineerTo>
<referedAttribute>0E434A0C-4976-9EF5-3070-4E8C5EC26D63</referedAttribute>
<useDomainConstraints>false</useDomainConstraints>
<use>1</use>
<logicalDatatype>LOGDT011</logicalDatatype>
<ownDataTypeParameters>,,</ownDataTypeParameters>
</Attribute>
<Attribute name="felelosAzon" id="02DBB024-F7E1-F837-D55F-FE95E62B674B">
<createdBy>nagy</createdBy>
<createdTime>2016-11-22 13:51:51 UTC</createdTime>
<generatorID>45D26243-320A-F490-F5AC-B0BA611EAEA6</generatorID>
<ownerDesignName>cramhead_relational_model_</ownerDesignName>
<importedID>CA3F7AA6-866E-779A-770E-F5A4A2F2B483</importedID>
<engineerTo>
<item key="373F37EB-A9B7-B5A3-A7BD-BC96B71DE8EB" value="true"/>
</engineerTo>
<referedAttribute>D71E6745-5059-856B-37F8-40E3B2522FE4</referedAttribute>
<useDomainConstraints>false</useDomainConstraints>
<use>1</use>
<logicalDatatype>LOGDT011</logicalDatatype>
<ownDataTypeParameters>,,</ownDataTypeParameters>
</Attribute>
<Attribute name="szallodaAzon" id="2BD22387-D699-E13A-86DE-AAADDEAE7980">
<createdBy>nagy</createdBy>
<createdTime>2016-11-22 13:51:51 UTC</createdTime>
<generatorID>FD0E7164-7837-896D-C85C-0E0A28AED08D</generatorID>
<ownerDesignName>cramhead_relational_model_</ownerDesignName>
<importedID>6B0AFBD8-F2BE-5AE7-BD3E-7E25A65CB007</importedID>
<engineerTo>
<item key="373F37EB-A9B7-B5A3-A7BD-BC96B71DE8EB" value="true"/>
</engineerTo>
<referedAttribute>B5B4EE32-7329-8267-6822-16A6CB89611A</referedAttribute>
<useDomainConstraints>false</useDomainConstraints>
<use>1</use>
<logicalDatatype>LOGDT011</logicalDatatype>
<ownDataTypeParameters>,,</ownDataTypeParameters>
</Attribute>
<Attribute name="kezdesDatum" id="CA71049C-450E-952E-BA59-1CC3EF23771A">
<createdBy>nagy</createdBy>
<createdTime>2016-11-22 13:51:51 UTC</createdTime>
<ownerDesignName>cramhead_relational_model_</ownerDesignName>
<importedID>B5A08CB4-C76A-52B3-BEB9-C23121656B46</importedID>
<engineerTo>
<item key="373F37EB-A9B7-B5A3-A7BD-BC96B71DE8EB" value="true"/>
</engineerTo>
<nullsAllowed>true</nullsAllowed>
<useDomainConstraints>false</useDomainConstraints>
<use>1</use>
<logicalDatatype>LOGDT007</logicalDatatype>
<ownDataTypeParameters>,,</ownDataTypeParameters>
</Attribute>
<Attribute name="befejezesDatum" id="2D29862D-08EE-65AC-CB11-56CCF42FDD2D">
<createdBy>nagy</createdBy>
<createdTime>2016-11-22 13:51:51 UTC</createdTime>
<ownerDesignName>cramhead_relational_model_</ownerDesignName>
<importedID>0D747C49-991E-8C27-A1F1-6B1A684CE8A7</importedID>
<engineerTo>
<item key="373F37EB-A9B7-B5A3-A7BD-BC96B71DE8EB" value="true"/>
</engineerTo>
<nullsAllowed>true</nullsAllowed>
<useDomainConstraints>false</useDomainConstraints>
<use>1</use>
<logicalDatatype>LOGDT007</logicalDatatype>
<ownDataTypeParameters>,,</ownDataTypeParameters>
</Attribute>
<Attribute name="maxHely" id="B6FC6B37-4EB9-660C-840E-E36A98D864AC">
<createdBy>nagy</createdBy>
<createdTime>2016-11-22 13:52:14 UTC</createdTime>
<ownerDesignName>cramhead_relational_model_</ownerDesignName>
<engineerTo>
<item key="373F37EB-A9B7-B5A3-A7BD-BC96B71DE8EB" value="true"/>
</engineerTo>
<nullsAllowed>true</nullsAllowed>
<useDomainConstraints>false</useDomainConstraints>
<use>1</use>
<logicalDatatype>LOGDT011</logicalDatatype>
<ownDataTypeParameters>,,</ownDataTypeParameters>
</Attribute>
<Attribute name="Megj" id="D7527972-3AA0-E0B3-4647-3301A59FCE20">
<createdBy>nagy</createdBy>
<createdTime>2016-11-22 13:51:51 UTC</createdTime>
<ownerDesignName>cramhead_relational_model_</ownerDesignName>
<importedID>D0DA364E-AC23-5BC7-5ADD-4B8181BE1232</importedID>
<engineerTo>
<item key="373F37EB-A9B7-B5A3-A7BD-BC96B71DE8EB" value="true"/>
</engineerTo>
<nullsAllowed>true</nullsAllowed>
<useDomainConstraints>false</useDomainConstraints>
<use>1</use>
<logicalDatatype>LOGDT024</logicalDatatype>
<dataTypeSize>30</dataTypeSize>
<ownDataTypeParameters>30,,</ownDataTypeParameters>
</Attribute>
<Attribute name="oktatoAzon" id="7D564A30-2263-B4B9-E3AB-C8880CBBF7BF">
<createdBy>nagy</createdBy>
<createdTime>2016-11-22 13:51:51 UTC</createdTime>
<generatorID>E067A93A-4056-A6AE-D445-0E4546801679</generatorID>
<ownerDesignName>cramhead_relational_model_</ownerDesignName>
<importedID>CD1AF2E9-15D4-BD6B-6E0E-A8F707BD62FB</importedID>
<engineerTo>
<item key="373F37EB-A9B7-B5A3-A7BD-BC96B71DE8EB" value="true"/>
</engineerTo>
<referedAttribute>85FF0A53-E30C-5C4D-321F-10577AC40D1E</referedAttribute>
<useDomainConstraints>false</useDomainConstraints>
<use>1</use>
<logicalDatatype>LOGDT011</logicalDatatype>
<ownDataTypeParameters>,,</ownDataTypeParameters>
</Attribute>
</attributes>
<identifiers itemClass="oracle.dbtools.crest.model.design.logical.CandidateKey">
<identifier id="768CBE3D-D70E-B982-202A-EB8286E72677" name="Tanfolyam PK">
<createdBy>nagy</createdBy>
<createdTime>2016-11-22 13:51:51 UTC</createdTime>
<ownerDesignName>cramhead_relational_model_</ownerDesignName>
<importedID>34213EDF-2B33-63C1-875A-14A21EF2E58B</importedID>
<engineerTo>
<item key="373F37EB-A9B7-B5A3-A7BD-BC96B71DE8EB" value="true"/>
</engineerTo>
<pk>true</pk>
<usedAttributes>
<attributeRef>1F331045-F7C8-7770-5D05-67C4DC11D29B</attributeRef>
</usedAttributes>
</identifier>
</identifiers>
</Entity>