<?xml version = '1.0' encoding = 'UTF-8'?>
<FKIndexAssociation class="oracle.dbtools.crest.model.design.relational.FKIndexAssociation" directorySegmentName="seg_0" id="017BE4D1-6D7D-EA69-CB8E-ED0767C02C6B" containerWithKeyObject="942E9957-8783-BCA4-3545-894E64B8FD2C" localFKIndex="5C9F14B2-6E78-C596-A4F6-C9041D6D8F9F" name="Kuldott_Foglalas_FK">
<createdBy>nagyandras95</createdBy>
<createdTime>2016-11-16 16:10:45 UTC</createdTime>
<generatorID>FB42D8AE-434F-C6D1-5AF4-5D5DDE907EB7</generatorID>
<ownerDesignName>cramhead_logical_relational_final_final</ownerDesignName>
<deleteRule>NO ACTION</deleteRule>
<referredTableID>4E143F90-1FFB-E241-BA4D-C17FD9C63FF6</referredTableID>
<keyObject>162CD8CF-3BC9-CF94-4DC6-0B36FCF4F828</keyObject>
<referredKeyID>162CD8CF-3BC9-CF94-4DC6-0B36FCF4F828</referredKeyID>
<mandatory>true</mandatory>
<transferable>true</transferable>
<rely>false</rely>
<columnDependencyConstraintGenerateInDDL>true</columnDependencyConstraintGenerateInDDL>
</FKIndexAssociation>