<?xml version = '1.0' encoding = 'UTF-8'?>
<FKIndexAssociation class="oracle.dbtools.crest.model.design.relational.FKIndexAssociation" directorySegmentName="seg_0" id="9EE6AB49-8FE4-563D-4DCA-06C2DFE054A2" containerWithKeyObject="4E143F90-1FFB-E241-BA4D-C17FD9C63FF6" localFKIndex="971B46BF-D601-43A7-6032-4DE8EF7070F7" name="Foglalas_Ugyfel_FK">
<createdBy>nagyandras95</createdBy>
<createdTime>2016-11-16 16:10:44 UTC</createdTime>
<generatorID>8B7831E3-2284-B546-F585-900CAF021CBD</generatorID>
<ownerDesignName>cramhead_logical_relational_final_final</ownerDesignName>
<deleteRule>NO ACTION</deleteRule>
<referredTableID>EAD1FCE9-E332-5A3B-0FA0-61E9894EE193</referredTableID>
<keyObject>BC75A4E0-BF2C-07EE-A456-4DB5411C7DC9</keyObject>
<referredKeyID>BC75A4E0-BF2C-07EE-A456-4DB5411C7DC9</referredKeyID>
<mandatory>true</mandatory>
<transferable>true</transferable>
<rely>false</rely>
<columnDependencyConstraintGenerateInDDL>true</columnDependencyConstraintGenerateInDDL>
</FKIndexAssociation>