<?xml version = '1.0' encoding = 'UTF-8'?>
<FKIndexAssociation class="oracle.dbtools.crest.model.design.relational.FKIndexAssociation" directorySegmentName="seg_0" id="C3D91ADD-2606-78D9-7485-580A0903F71A" containerWithKeyObject="00442CA5-CDEB-DF70-1B44-21C7DBDF0CDF" localFKIndex="5BAC6DFA-08DE-B3AC-4225-BFE6DD7FF5C6" name="Tanf_TanfTipus_FK">
<createdBy>nagyandras95</createdBy>
<createdTime>2016-11-16 16:10:45 UTC</createdTime>
<generatorID>4D20ABEC-DAA4-1F70-0191-89695C35CE6D</generatorID>
<ownerDesignName>cramhead_logical_relational_final_final</ownerDesignName>
<deleteRule>NO ACTION</deleteRule>
<referredTableID>3E3D78D7-BF20-0DCF-F6D9-53760C636AF1</referredTableID>
<keyObject>BEB774CA-5447-205B-83F7-E21F13C99184</keyObject>
<referredKeyID>BEB774CA-5447-205B-83F7-E21F13C99184</referredKeyID>
<mandatory>true</mandatory>
<transferable>true</transferable>
<rely>false</rely>
<columnDependencyConstraintGenerateInDDL>true</columnDependencyConstraintGenerateInDDL>
</FKIndexAssociation>