<?xml version = '1.0' encoding = 'UTF-8'?>
<FKIndexAssociation class="oracle.dbtools.crest.model.design.relational.FKIndexAssociation" directorySegmentName="seg_0" id="D5ADD415-3F43-B120-AE29-538D1C314E78" containerWithKeyObject="00442CA5-CDEB-DF70-1B44-21C7DBDF0CDF" localFKIndex="7595405D-C077-004B-348C-58E90F506579" name="Tanfolyam_Oktato_FK">
<createdBy>nagyandras95</createdBy>
<createdTime>2016-11-16 16:10:45 UTC</createdTime>
<generatorID>840EF388-153A-B542-3E3A-7AB5B10E129C</generatorID>
<ownerDesignName>cramhead_logical_relational_final_final</ownerDesignName>
<deleteRule>NO ACTION</deleteRule>
<referredTableID>E4F43785-E0A7-522E-40C5-9D1F6A0DFEB9</referredTableID>
<keyObject>54AE88ED-E667-0BAE-14E6-3E3DD806B722</keyObject>
<referredKeyID>54AE88ED-E667-0BAE-14E6-3E3DD806B722</referredKeyID>
<mandatory>false</mandatory>
<transferable>true</transferable>
<rely>false</rely>
<columnDependencyConstraintGenerateInDDL>true</columnDependencyConstraintGenerateInDDL>
</FKIndexAssociation>