<?xml version = '1.0' encoding = 'UTF-8'?>
<Entity class="oracle.dbtools.crest.model.design.logical.Entity" directorySegmentName="seg_0" id="2D33D1DD-B3E3-A456-93FB-BA7588571B1A" name="Foglalas">
<createdBy>mozsi</createdBy>
<createdTime>2016-10-27 19:43:22 UTC</createdTime>
<ownerDesignName>cramhead_logical</ownerDesignName>
<importedID>6E6A3AD4-AAC7-5585-3607-DC0913C7AEE2</importedID>
<engineerTo>
<item key="533C1A71-ED68-8916-4848-D9AB63EA6E28" value="true"/>
<item key="19D2DAEA-088C-0F40-7D63-A7A40C8FE6C3" value="true"/>
</engineerTo>
<adequatelyNormalized>NO</adequatelyNormalized>
<expectedVolumes>0</expectedVolumes>
<fwdEngineeringStrategyName>Single Table</fwdEngineeringStrategyName>
<growthPercent>0</growthPercent>
<growthType>Year</growthType>
<maxVolumes>9999999</maxVolumes>
<minVolumes>0</minVolumes>
<normalForm>Third</normalForm>
</Entity>