<?xml version = '1.0' encoding = 'UTF-8'?>
<Entity class="oracle.dbtools.crest.model.design.logical.Entity" directorySegmentName="seg_0" id="95C4B0E2-8E9F-E2E6-4917-03879EB0AF9D" name="Tanfolyam">
<createdBy>mozsi</createdBy>
<createdTime>2016-11-01 14:25:01 UTC</createdTime>
<ownerDesignName>cramhead_logical</ownerDesignName>
<importedID>ED09EF3C-A6CF-7A5C-B58D-31A8B729D29D</importedID>
<engineerTo>
<item key="6750957A-6FB3-A1AE-255A-D764FFC1F6DC" value="true"/>
</engineerTo>
<adequatelyNormalized>NO</adequatelyNormalized>
<expectedVolumes>0</expectedVolumes>
<fwdEngineeringStrategyName>Single Table</fwdEngineeringStrategyName>
<growthPercent>0</growthPercent>
<growthType>Year</growthType>
<maxVolumes>9999999</maxVolumes>
<minVolumes>0</minVolumes>
<normalForm>Third</normalForm>
</Entity>