<?xml version = '1.0' encoding = 'UTF-8'?>
<Entity class="oracle.dbtools.crest.model.design.logical.Entity" directorySegmentName="seg_0" id="9D43E107-F7D5-7496-6F61-E98E62942F5F" name="Szamla">
<createdBy>mozsi</createdBy>
<createdTime>2016-11-01 14:25:01 UTC</createdTime>
<ownerDesignName>cramhead_logical</ownerDesignName>
<importedID>F7A7E6FD-3020-4DBF-A220-8740CA98283F</importedID>
<engineerTo>
<item key="6750957A-6FB3-A1AE-255A-D764FFC1F6DC" value="true"/>
</engineerTo>
<adequatelyNormalized>NO</adequatelyNormalized>
<expectedVolumes>0</expectedVolumes>
<fwdEngineeringStrategyName>Single Table</fwdEngineeringStrategyName>
<growthPercent>0</growthPercent>
<growthType>Year</growthType>
<maxVolumes>9999999</maxVolumes>
<minVolumes>0</minVolumes>
<normalForm>Third</normalForm>
</Entity>