<?xml version = '1.0' encoding = 'UTF-8'?>
<Entity class="oracle.dbtools.crest.model.design.logical.Entity" directorySegmentName="seg_0" id="B2162702-C499-CBE2-7A2C-AE5AB95B3D52" name="Ugyfel">
<createdBy>mozsi</createdBy>
<createdTime>2016-11-01 14:25:01 UTC</createdTime>
<ownerDesignName>cramhead_logical</ownerDesignName>
<importedID>A2E9C160-BF06-FAEF-5301-BA0CCFE59E84</importedID>
<engineerTo>
<item key="6750957A-6FB3-A1AE-255A-D764FFC1F6DC" value="true"/>
</engineerTo>
<adequatelyNormalized>NO</adequatelyNormalized>
<expectedVolumes>0</expectedVolumes>
<fwdEngineeringStrategyName>Single Table</fwdEngineeringStrategyName>
<growthPercent>0</growthPercent>
<growthType>Year</growthType>
<maxVolumes>9999999</maxVolumes>
<minVolumes>0</minVolumes>
<normalForm>Third</normalForm>
</Entity>