<?xml version = '1.0' encoding = 'UTF-8'?>
<Table class="oracle.dbtools.crest.model.design.relational.Table" directorySegmentName="seg_0" id="4A273407-0C34-DDEA-45F2-23C8B806624C" name="Vasarloi_rendeles_sor">
<createdBy>mozsi</createdBy>
<createdTime>2016-10-31 16:16:27 UTC</createdTime>
<generatorID>06E6CFEE-9DC7-D0C4-3E14-B307CA1263E2</generatorID>
<ownerDesignName>benco_log</ownerDesignName>
<abbreviation>VRS</abbreviation>
<allowColumnReorder>false</allowColumnReorder>
<existDependencyGenerateInDDl>true</existDependencyGenerateInDDl>
<parsed>true</parsed>
<columns itemClass="oracle.dbtools.crest.model.design.relational.Column">
<Column name="SorAzon" id="C48FF9BB-7F2C-00F1-B0DB-4DC580CA258C">
<createdBy>mozsi</createdBy>
<createdTime>2016-10-31 16:16:27 UTC</createdTime>
<generatorID>E652ED50-92C2-B5CE-B8B7-50FA2872B90E</generatorID>
<ownerDesignName>benco_log</ownerDesignName>
<useDomainConstraints>false</useDomainConstraints>
<use>1</use>
<logicalDatatype>LOGDT011</logicalDatatype>
<ownDataTypeParameters>,,</ownDataTypeParameters>
<autoIncrementCycle>false</autoIncrementCycle>
</Column>
<Column name="Mennyiség" id="F6985490-AB25-06A2-0861-B2F9BEDF8715">
<createdBy>mozsi</createdBy>
<createdTime>2016-10-31 16:16:27 UTC</createdTime>
<generatorID>DCB7EE76-F3D7-FF1B-1B15-10CDC1F8284F</generatorID>
<ownerDesignName>benco_log</ownerDesignName>
<useDomainConstraints>false</useDomainConstraints>
<use>1</use>
<logicalDatatype>LOGDT011</logicalDatatype>
<ownDataTypeParameters>,,</ownDataTypeParameters>
<autoIncrementCycle>false</autoIncrementCycle>
</Column>
<Column name="Cikk_TSzam" id="6D710429-9C3F-A816-8C80-4EF8966593A1">
<createdBy>mozsi</createdBy>
<createdTime>2016-10-31 16:16:27 UTC</createdTime>
<generatorID>5770723E-794E-FBC0-6298-99BE9CBBDC9A</generatorID>
<ownerDesignName>benco_log</ownerDesignName>
<useDomainConstraints>false</useDomainConstraints>
<use>1</use>
<logicalDatatype>LOGDT024</logicalDatatype>
<dataTypeSize>10</dataTypeSize>
<ownDataTypeParameters>,,</ownDataTypeParameters>
<previousColumn>false</previousColumn>
<autoIncrementCycle>false</autoIncrementCycle>
<associations>
<colAssociation fkAssociation="5900692A-8BE6-C79B-5DF9-EF82610C1360" referredColumn="76CE5937-BAEF-F29E-894C-8D2E2B7BC9BA"/>
</associations>
</Column>
<Column name="VR_Vrszam" id="DA6DF4E7-C361-26E2-F433-6D9F9AB674E1">
<createdBy>mozsi</createdBy>
<createdTime>2016-10-31 16:16:27 UTC</createdTime>
<generatorID>22C38730-9733-8B0F-F040-5C81429B07D4</generatorID>
<ownerDesignName>benco_log</ownerDesignName>
<useDomainConstraints>false</useDomainConstraints>
<use>1</use>
<logicalDatatype>LOGDT024</logicalDatatype>
<dataTypeSize>6</dataTypeSize>
<ownDataTypeParameters>,,</ownDataTypeParameters>
<previousColumn>false</previousColumn>
<autoIncrementCycle>false</autoIncrementCycle>
<associations>
<colAssociation fkAssociation="1630A64C-DE3A-35F6-7B7F-C7CFAFF18904" referredColumn="E97EE227-06CD-4894-DADC-1CE814F95073"/>
</associations>
</Column>
<Column name="SzRS_SzrSorAzon" id="F9B9CBF4-C6FB-00C1-3F94-829DF037816F">
<createdBy>mozsi</createdBy>
<createdTime>2016-10-31 16:16:27 UTC</createdTime>
<generatorID>3D035DFB-1051-F48B-164C-6ABA68F7F403</generatorID>
<ownerDesignName>benco_log</ownerDesignName>
<nullsAllowed>true</nullsAllowed>
<useDomainConstraints>false</useDomainConstraints>
<use>1</use>
<logicalDatatype>LOGDT011</logicalDatatype>
<ownDataTypeParameters>,,</ownDataTypeParameters>
<previousColumn>false</previousColumn>
<autoIncrementCycle>false</autoIncrementCycle>
<associations>
<colAssociation fkAssociation="C53A2719-8AD7-3631-1237-E81D480EBE1B" referredColumn="8EA01045-95D2-3175-E51F-5F94B207C26C"/>
</associations>
</Column>
<Column name="Beerkezett" id="AD658C10-D06F-75FE-9C84-FD2E563CF06F">
<createdBy>mozsi</createdBy>
<createdTime>2016-10-31 16:16:27 UTC</createdTime>
<generatorID>AE6D990B-C586-34CA-24DB-DFE1656AFE9D</generatorID>
<ownerDesignName>benco_log</ownerDesignName>
<nullsAllowed>true</nullsAllowed>
<useDomainConstraints>false</useDomainConstraints>
<use>1</use>
<logicalDatatype>LOGDT025</logicalDatatype>
<dataTypeSize>1</dataTypeSize>
<ownDataTypeParameters>1,,</ownDataTypeParameters>
<autoIncrementCycle>false</autoIncrementCycle>
</Column>
</columns>
<indexes itemClass="oracle.dbtools.crest.model.design.relational.Index">
<ind_PK_UK id="228FD8C9-BB52-64FB-307C-A2ED59BC75BC" name="Vasarloi_rendeles_sor_PK">
<createdBy>mozsi</createdBy>
<createdTime>2016-10-31 16:16:27 UTC</createdTime>
<generatorID>55474989-67FA-28C7-3845-1EE4DA7D1CA3</generatorID>
<ownerDesignName>benco_log</ownerDesignName>
<pk>true</pk>
<indexState>Primary Constraint</indexState>
<isSurrogateKey>false</isSurrogateKey>
<indexColumnUsage>
<colUsage columnID="C48FF9BB-7F2C-00F1-B0DB-4DC580CA258C"/>
</indexColumnUsage>
</ind_PK_UK>
<ind_PK_UK id="24BC78B9-D1E0-8080-F222-C2C00664D7E1" name="FK10">
<createdBy>mozsi</createdBy>
<createdTime>2016-10-31 16:16:27 UTC</createdTime>
<generatorID>334C5F09-C11D-7FCB-008D-7C2B79DA8641</generatorID>
<ownerDesignName>benco_log</ownerDesignName>
<indexState>Foreign Key</indexState>
<isSurrogateKey>false</isSurrogateKey>
<indexColumnUsage>
<colUsage columnID="F9B9CBF4-C6FB-00C1-3F94-829DF037816F"/>
</indexColumnUsage>
</ind_PK_UK>
<ind_PK_UK id="5BB88E04-34ED-1CC9-D37A-0A59ECD72DB7" name="FK8">
<createdBy>mozsi</createdBy>
<createdTime>2016-10-31 16:16:27 UTC</createdTime>
<generatorID>B92031CE-2878-FAFF-E402-47C986F41BCB</generatorID>
<ownerDesignName>benco_log</ownerDesignName>
<indexState>Foreign Key</indexState>
<isSurrogateKey>false</isSurrogateKey>
<indexColumnUsage>
<colUsage columnID="6D710429-9C3F-A816-8C80-4EF8966593A1"/>
</indexColumnUsage>
</ind_PK_UK>
<ind_PK_UK id="6AD4DAB0-AD07-B745-4F27-D8E9EC0044FF" name="VR_VRS_FK">
<createdBy>mozsi</createdBy>
<createdTime>2016-10-31 16:16:27 UTC</createdTime>
<generatorID>F7C9C92B-B239-8B1B-0BAB-537029EB4CAF</generatorID>
<ownerDesignName>benco_log</ownerDesignName>
<indexState>Foreign Key</indexState>
<isSurrogateKey>false</isSurrogateKey>
<indexColumnUsage>
<colUsage columnID="DA6DF4E7-C361-26E2-F433-6D9F9AB674E1"/>
</indexColumnUsage>
</ind_PK_UK>
</indexes>
</Table>