<?xml version = '1.0' encoding = 'UTF-8'?>
<Table class="oracle.dbtools.crest.model.design.relational.Table" directorySegmentName="seg_0" id="4AB433A8-5044-D1AF-7828-FFA06E7BD2F6" name="Szallitoi_rendeles">
<createdBy>mozsi</createdBy>
<createdTime>2016-10-31 16:16:27 UTC</createdTime>
<generatorID>CBF294C7-3E01-E397-E034-98F877732D40</generatorID>
<ownerDesignName>benco_log</ownerDesignName>
<abbreviation>SzR</abbreviation>
<allowColumnReorder>false</allowColumnReorder>
<existDependencyGenerateInDDl>true</existDependencyGenerateInDDl>
<parsed>true</parsed>
<columns itemClass="oracle.dbtools.crest.model.design.relational.Column">
<Column name="SzrAzon" id="975F8D7F-F587-9167-0873-41AE4CA9692D">
<createdBy>mozsi</createdBy>
<createdTime>2016-10-31 16:16:27 UTC</createdTime>
<generatorID>650F74AF-D1C9-D58C-43E8-06436AE4E9BE</generatorID>
<ownerDesignName>benco_log</ownerDesignName>
<useDomainConstraints>false</useDomainConstraints>
<use>1</use>
<logicalDatatype>LOGDT024</logicalDatatype>
<dataTypeSize>10</dataTypeSize>
<ownDataTypeParameters>10,,</ownDataTypeParameters>
<autoIncrementCycle>false</autoIncrementCycle>
</Column>
<Column name="NK_NagykerAzon" id="7E7057E5-B653-001F-9119-A5148BD2EB77">
<createdBy>mozsi</createdBy>
<createdTime>2016-10-31 16:16:27 UTC</createdTime>
<generatorID>0B057523-34C6-20E0-D6A6-A782C1B69799</generatorID>
<ownerDesignName>benco_log</ownerDesignName>
<useDomainConstraints>false</useDomainConstraints>
<use>1</use>
<logicalDatatype>LOGDT011</logicalDatatype>
<ownDataTypeParameters>,,</ownDataTypeParameters>
<previousColumn>false</previousColumn>
<autoIncrementCycle>false</autoIncrementCycle>
<associations>
<colAssociation fkAssociation="589CE526-9CD9-C941-07F5-4E4F4381F9F1" referredColumn="9FA61249-8CEB-8DA9-4485-807081D45DC7"/>
</associations>
</Column>
<Column name="RendelesDatum" id="13B4F733-D7FB-EA56-D678-C354CFB4B2FC">
<createdBy>mozsi</createdBy>
<createdTime>2016-10-31 16:16:27 UTC</createdTime>
<generatorID>0B047C7A-B8F8-D29C-FEB3-37572C9A6C94</generatorID>
<ownerDesignName>benco_log</ownerDesignName>
<nullsAllowed>true</nullsAllowed>
<useDomainConstraints>false</useDomainConstraints>
<use>1</use>
<logicalDatatype>LOGDT007</logicalDatatype>
<ownDataTypeParameters>,,</ownDataTypeParameters>
<autoIncrementCycle>false</autoIncrementCycle>
</Column>
<Column name="BeerkezesDatum" id="3F7FB600-4AFC-8C2A-79D2-E7F688869C82">
<createdBy>mozsi</createdBy>
<createdTime>2016-10-31 16:16:27 UTC</createdTime>
<generatorID>F21F2176-193C-4028-29DD-E4A19E99CB07</generatorID>
<ownerDesignName>benco_log</ownerDesignName>
<nullsAllowed>true</nullsAllowed>
<useDomainConstraints>false</useDomainConstraints>
<use>1</use>
<logicalDatatype>LOGDT007</logicalDatatype>
<ownDataTypeParameters>,,</ownDataTypeParameters>
<autoIncrementCycle>false</autoIncrementCycle>
</Column>
<Column name="SzallitojegyzekSzam" id="155E98D7-A5AB-5B8D-E23D-3AAC4671DC65">
<createdBy>mozsi</createdBy>
<createdTime>2016-11-01 12:43:07 UTC</createdTime>
<ownerDesignName>benco_log</ownerDesignName>
<nullsAllowed>true</nullsAllowed>
<useDomainConstraints>false</useDomainConstraints>
<use>1</use>
<logicalDatatype>LOGDT024</logicalDatatype>
<dataTypeSize>15</dataTypeSize>
<ownDataTypeParameters>15,,</ownDataTypeParameters>
<autoIncrementCycle>false</autoIncrementCycle>
</Column>
</columns>
<indexes itemClass="oracle.dbtools.crest.model.design.relational.Index">
<ind_PK_UK id="7604C372-6747-EB12-B9EB-AC6AC82EC772" name="Szallitoi_rendeles_PK">
<createdBy>mozsi</createdBy>
<createdTime>2016-10-31 16:16:27 UTC</createdTime>
<generatorID>21B880BC-A9F1-C415-78DE-E86B2EDFBDCE</generatorID>
<ownerDesignName>benco_log</ownerDesignName>
<pk>true</pk>
<indexState>Primary Constraint</indexState>
<isSurrogateKey>false</isSurrogateKey>
<indexColumnUsage>
<colUsage columnID="975F8D7F-F587-9167-0873-41AE4CA9692D"/>
</indexColumnUsage>
</ind_PK_UK>
<ind_PK_UK id="BCD8BBB0-6438-BD92-29D1-DE7F0EFB54BF" name="FK6">
<createdBy>mozsi</createdBy>
<createdTime>2016-10-31 16:16:27 UTC</createdTime>
<generatorID>DA424803-D193-1BA0-5016-246AD5378F3C</generatorID>
<ownerDesignName>benco_log</ownerDesignName>
<indexState>Foreign Key</indexState>
<isSurrogateKey>false</isSurrogateKey>
<indexColumnUsage>
<colUsage columnID="7E7057E5-B653-001F-9119-A5148BD2EB77"/>
</indexColumnUsage>
</ind_PK_UK>
</indexes>
</Table>