<?xml version = '1.0' encoding = 'UTF-8'?>
<Table class="oracle.dbtools.crest.model.design.relational.Table" directorySegmentName="seg_0" id="856F726F-2A11-65E9-4FC6-1EC9CD4EDDF6" name="Szallitoi_rendeles_sor">
<createdBy>mozsi</createdBy>
<createdTime>2016-10-31 16:16:27 UTC</createdTime>
<generatorID>92007CE4-2F64-E2ED-D3B9-D465B3BB184F</generatorID>
<ownerDesignName>benco_log</ownerDesignName>
<abbreviation>SzRS</abbreviation>
<allowColumnReorder>false</allowColumnReorder>
<existDependencyGenerateInDDl>true</existDependencyGenerateInDDl>
<parsed>true</parsed>
<columns itemClass="oracle.dbtools.crest.model.design.relational.Column">
<Column name="SzrSorAzon" id="8EA01045-95D2-3175-E51F-5F94B207C26C">
<createdBy>mozsi</createdBy>
<createdTime>2016-10-31 16:16:27 UTC</createdTime>
<generatorID>CD79454E-F1E1-C957-ECBB-7C665D1C67EC</generatorID>
<ownerDesignName>benco_log</ownerDesignName>
<useDomainConstraints>false</useDomainConstraints>
<use>1</use>
<logicalDatatype>LOGDT011</logicalDatatype>
<ownDataTypeParameters>,,</ownDataTypeParameters>
<autoIncrementCycle>false</autoIncrementCycle>
</Column>
<Column name="SzR_SzrAzon" id="22B98332-D4DE-C930-273A-E71B292E7CAC">
<createdBy>mozsi</createdBy>
<createdTime>2016-10-31 16:16:27 UTC</createdTime>
<generatorID>F1836279-7E88-5006-A179-14B8E7080718</generatorID>
<ownerDesignName>benco_log</ownerDesignName>
<useDomainConstraints>false</useDomainConstraints>
<use>1</use>
<logicalDatatype>LOGDT024</logicalDatatype>
<dataTypeSize>10</dataTypeSize>
<ownDataTypeParameters>,,</ownDataTypeParameters>
<previousColumn>false</previousColumn>
<autoIncrementCycle>false</autoIncrementCycle>
<associations>
<colAssociation fkAssociation="04658277-8801-0BED-1A8E-12C4444FFC76" referredColumn="975F8D7F-F587-9167-0873-41AE4CA9692D"/>
</associations>
</Column>
<Column name="Mennyiseg" id="E4D39161-F4AC-44EC-2C58-AE1410EF01C7">
<createdBy>mozsi</createdBy>
<createdTime>2016-10-31 16:16:27 UTC</createdTime>
<generatorID>CE3512BC-304A-278F-9502-63A37C655E66</generatorID>
<ownerDesignName>benco_log</ownerDesignName>
<nullsAllowed>true</nullsAllowed>
<useDomainConstraints>false</useDomainConstraints>
<use>1</use>
<logicalDatatype>LOGDT011</logicalDatatype>
<ownDataTypeParameters>,,</ownDataTypeParameters>
<autoIncrementCycle>false</autoIncrementCycle>
</Column>
</columns>
<indexes itemClass="oracle.dbtools.crest.model.design.relational.Index">
<ind_PK_UK id="EB651501-0B90-FA2C-ABC0-68FFC31522A8" name="Szallitoi_rendeles_sor_PK">
<createdBy>mozsi</createdBy>
<createdTime>2016-10-31 16:16:27 UTC</createdTime>
<generatorID>524E6264-3000-D148-3925-49720124E92C</generatorID>
<ownerDesignName>benco_log</ownerDesignName>
<pk>true</pk>
<indexState>Primary Constraint</indexState>
<isSurrogateKey>false</isSurrogateKey>
<indexColumnUsage>
<colUsage columnID="8EA01045-95D2-3175-E51F-5F94B207C26C"/>
</indexColumnUsage>
</ind_PK_UK>
<ind_PK_UK id="3ECA6502-03B8-352D-4B9C-EC3D1B985F4B" name="FK9">
<createdBy>mozsi</createdBy>
<createdTime>2016-10-31 16:16:27 UTC</createdTime>
<generatorID>6A60FD0A-4E61-53F3-45FB-C022DC2DFD1B</generatorID>
<ownerDesignName>benco_log</ownerDesignName>
<indexState>Foreign Key</indexState>
<isSurrogateKey>false</isSurrogateKey>
<indexColumnUsage>
<colUsage columnID="22B98332-D4DE-C930-273A-E71B292E7CAC"/>
</indexColumnUsage>
</ind_PK_UK>
</indexes>
</Table>