<?xml version = '1.0' encoding = 'UTF-8'?>
<Table class="oracle.dbtools.crest.model.design.relational.Table" directorySegmentName="seg_0" id="BAB9E64B-A2DF-AD76-4E42-C5A73E225819" name="Nagykereskedo">
<createdBy>mozsi</createdBy>
<createdTime>2016-10-31 16:16:27 UTC</createdTime>
<generatorID>E9A55A68-9AC1-D6D5-3D2E-8DAFAFA20F32</generatorID>
<ownerDesignName>benco_log</ownerDesignName>
<abbreviation>NK</abbreviation>
<allowColumnReorder>false</allowColumnReorder>
<existDependencyGenerateInDDl>true</existDependencyGenerateInDDl>
<parsed>true</parsed>
<columns itemClass="oracle.dbtools.crest.model.design.relational.Column">
<Column name="NagykerAzon" id="9FA61249-8CEB-8DA9-4485-807081D45DC7">
<createdBy>mozsi</createdBy>
<createdTime>2016-10-31 16:16:27 UTC</createdTime>
<generatorID>AD1BC7F1-6626-E5AB-6E47-0DFA5C8A107A</generatorID>
<ownerDesignName>benco_log</ownerDesignName>
<useDomainConstraints>false</useDomainConstraints>
<use>1</use>
<logicalDatatype>LOGDT011</logicalDatatype>
<ownDataTypeParameters>,,</ownDataTypeParameters>
<autoIncrementCycle>false</autoIncrementCycle>
</Column>
<Column name="NagykerNév" id="BCA0CDA1-AB5F-4F38-DD6B-6430C9B71548">
<createdBy>mozsi</createdBy>
<createdTime>2016-10-31 16:16:27 UTC</createdTime>
<generatorID>DA7E6121-3FF4-438F-EB65-8AF654DE7F70</generatorID>
<ownerDesignName>benco_log</ownerDesignName>
<useDomainConstraints>false</useDomainConstraints>
<use>1</use>
<logicalDatatype>LOGDT024</logicalDatatype>
<dataTypeSize>20</dataTypeSize>
<ownDataTypeParameters>20,,</ownDataTypeParameters>
<autoIncrementCycle>false</autoIncrementCycle>
</Column>
<Column name="Cim" id="6C9DEB12-519C-5E69-864B-035700F8FD4C">
<createdBy>mozsi</createdBy>
<createdTime>2016-10-31 16:16:27 UTC</createdTime>
<generatorID>DDF831F6-6EEB-A0CB-35F4-A0B6140B5314</generatorID>
<ownerDesignName>benco_log</ownerDesignName>
<nullsAllowed>true</nullsAllowed>
<useDomainConstraints>false</useDomainConstraints>
<use>1</use>
<logicalDatatype>LOGDT024</logicalDatatype>
<dataTypeSize>30</dataTypeSize>
<ownDataTypeParameters>30,,</ownDataTypeParameters>
<autoIncrementCycle>false</autoIncrementCycle>
</Column>
<Column name="Telefon" id="487E190D-865B-C118-8974-585C62CF0447">
<createdBy>mozsi</createdBy>
<createdTime>2016-10-31 16:16:27 UTC</createdTime>
<generatorID>C09FEE19-21DC-542B-5979-684070CB22F5</generatorID>
<ownerDesignName>benco_log</ownerDesignName>
<nullsAllowed>true</nullsAllowed>
<useDomainConstraints>false</useDomainConstraints>
<use>1</use>
<logicalDatatype>LOGDT024</logicalDatatype>
<dataTypeSize>12</dataTypeSize>
<ownDataTypeParameters>12,,</ownDataTypeParameters>
<autoIncrementCycle>false</autoIncrementCycle>
</Column>
</columns>
<indexes itemClass="oracle.dbtools.crest.model.design.relational.Index">
<ind_PK_UK id="C6B7D3E7-3AF6-DF92-74AF-5760000F9551" name="Nagykereskedo_PK">
<createdBy>mozsi</createdBy>
<createdTime>2016-10-31 16:16:27 UTC</createdTime>
<generatorID>45609178-55AD-8A70-6401-3B3D90C9D6BC</generatorID>
<ownerDesignName>benco_log</ownerDesignName>
<pk>true</pk>
<indexState>Primary Constraint</indexState>
<isSurrogateKey>false</isSurrogateKey>
<indexColumnUsage>
<colUsage columnID="9FA61249-8CEB-8DA9-4485-807081D45DC7"/>
</indexColumnUsage>
</ind_PK_UK>
</indexes>
</Table>