<?xml version = '1.0' encoding = 'UTF-8'?>
<Table class="oracle.dbtools.crest.model.design.relational.Table" directorySegmentName="seg_0" id="D06B02E0-4F4E-CED9-AEB9-9B8DBE0A459E" name="Vasarloi_rendeles">
<createdBy>mozsi</createdBy>
<createdTime>2016-10-31 16:16:27 UTC</createdTime>
<generatorID>FF9E60F4-D6A2-32AE-467A-E4981C5D92D4</generatorID>
<ownerDesignName>benco_log</ownerDesignName>
<abbreviation>VR</abbreviation>
<allowColumnReorder>false</allowColumnReorder>
<existDependencyGenerateInDDl>true</existDependencyGenerateInDDl>
<parsed>true</parsed>
<columns itemClass="oracle.dbtools.crest.model.design.relational.Column">
<Column name="Vrszam" id="E97EE227-06CD-4894-DADC-1CE814F95073">
<createdBy>mozsi</createdBy>
<createdTime>2016-10-31 16:16:27 UTC</createdTime>
<generatorID>73802984-5CAB-50A7-49E8-B47E650C2312</generatorID>
<ownerDesignName>benco_log</ownerDesignName>
<useDomainConstraints>false</useDomainConstraints>
<use>1</use>
<logicalDatatype>LOGDT024</logicalDatatype>
<dataTypeSize>6</dataTypeSize>
<ownDataTypeParameters>6,,</ownDataTypeParameters>
<autoIncrementCycle>false</autoIncrementCycle>
</Column>
<Column name="VrDatum" id="0A4236FC-9A25-FAF4-CEB2-418732F08BDB">
<createdBy>mozsi</createdBy>
<createdTime>2016-10-31 16:16:27 UTC</createdTime>
<generatorID>9F3BBD47-57D1-DEF8-A3A9-ED2536DE1FF0</generatorID>
<ownerDesignName>benco_log</ownerDesignName>
<useDomainConstraints>false</useDomainConstraints>
<use>1</use>
<logicalDatatype>LOGDT007</logicalDatatype>
<ownDataTypeParameters>,,</ownDataTypeParameters>
<autoIncrementCycle>false</autoIncrementCycle>
</Column>
<Column name="Vevo_Vszam" id="521801AE-4E61-8C4B-5DA8-EC70F3B6FEF6">
<createdBy>mozsi</createdBy>
<createdTime>2016-10-31 16:16:27 UTC</createdTime>
<generatorID>5D6175F8-BE69-76BE-7E3F-35666CB40FC4</generatorID>
<ownerDesignName>benco_log</ownerDesignName>
<useDomainConstraints>false</useDomainConstraints>
<use>1</use>
<logicalDatatype>LOGDT024</logicalDatatype>
<dataTypeSize>10</dataTypeSize>
<ownDataTypeParameters>,,</ownDataTypeParameters>
<previousColumn>false</previousColumn>
<autoIncrementCycle>false</autoIncrementCycle>
<associations>
<colAssociation fkAssociation="B017F0FD-EDB0-9012-D1AA-EB2B996E7C1B" referredColumn="9D03C8BB-30E7-C5C7-1B62-87CD161C7D54"/>
</associations>
</Column>
<Column name="Érvényes" id="95F39623-F385-D5D9-38C0-113840E10559">
<createdBy>mozsi</createdBy>
<createdTime>2016-10-31 16:16:27 UTC</createdTime>
<generatorID>77D5D86A-7B47-BF19-688A-90E88F00A35B</generatorID>
<ownerDesignName>benco_log</ownerDesignName>
<nullsAllowed>true</nullsAllowed>
<useDomainConstraints>false</useDomainConstraints>
<use>1</use>
<logicalDatatype>LOGDT006</logicalDatatype>
<dataTypeSize>1</dataTypeSize>
<ownDataTypeParameters>1,,</ownDataTypeParameters>
<autoIncrementCycle>false</autoIncrementCycle>
</Column>
<Column name="Szamlaszam" id="FA99B867-1650-A50E-8F6F-78422CF1F7CA">
<createdBy>mozsi</createdBy>
<createdTime>2016-10-31 16:16:27 UTC</createdTime>
<generatorID>618C7764-1973-165C-5F63-70F86D6F35DD</generatorID>
<ownerDesignName>benco_log</ownerDesignName>
<nullsAllowed>true</nullsAllowed>
<useDomainConstraints>false</useDomainConstraints>
<use>1</use>
<logicalDatatype>LOGDT024</logicalDatatype>
<dataTypeSize>20</dataTypeSize>
<ownDataTypeParameters>20,,</ownDataTypeParameters>
<autoIncrementCycle>false</autoIncrementCycle>
</Column>
<Column name="SzamlaDatum" id="576549D5-4C4F-9391-4FA5-A83AE1E6FADD">
<createdBy>mozsi</createdBy>
<createdTime>2016-10-31 16:16:27 UTC</createdTime>
<generatorID>04B742BE-375E-9E34-40C1-E7F8B3269852</generatorID>
<ownerDesignName>benco_log</ownerDesignName>
<nullsAllowed>true</nullsAllowed>
<useDomainConstraints>false</useDomainConstraints>
<use>1</use>
<logicalDatatype>LOGDT007</logicalDatatype>
<ownDataTypeParameters>,,</ownDataTypeParameters>
<autoIncrementCycle>false</autoIncrementCycle>
</Column>
<Column name="KiszallitasDatum" id="33EB10E9-1DBC-63AD-4EF9-388B77D54653">
<createdBy>mozsi</createdBy>
<createdTime>2016-10-31 16:16:27 UTC</createdTime>
<generatorID>93FCEAA0-6C28-3E98-0AFB-DA6D9E0F588C</generatorID>
<ownerDesignName>benco_log</ownerDesignName>
<nullsAllowed>true</nullsAllowed>
<useDomainConstraints>false</useDomainConstraints>
<use>1</use>
<logicalDatatype>LOGDT007</logicalDatatype>
<ownDataTypeParameters>,,</ownDataTypeParameters>
<autoIncrementCycle>false</autoIncrementCycle>
</Column>
</columns>
<indexes itemClass="oracle.dbtools.crest.model.design.relational.Index">
<ind_PK_UK id="FD19EC01-0916-67CB-816B-413EEC574A16" name="Vasarloi_rendeles_PK">
<createdBy>mozsi</createdBy>
<createdTime>2016-10-31 16:16:27 UTC</createdTime>
<generatorID>3E05C394-9ACA-3583-1C61-D9920168AFC8</generatorID>
<ownerDesignName>benco_log</ownerDesignName>
<pk>true</pk>
<indexState>Primary Constraint</indexState>
<isSurrogateKey>false</isSurrogateKey>
<indexColumnUsage>
<colUsage columnID="E97EE227-06CD-4894-DADC-1CE814F95073"/>
</indexColumnUsage>
</ind_PK_UK>
<ind_PK_UK id="A2268B91-CF91-9C7F-8CD2-8E9597200463" name="vasarol">
<createdBy>mozsi</createdBy>
<createdTime>2016-10-31 16:16:27 UTC</createdTime>
<generatorID>A1155271-D747-AA71-5C61-CD356437EAF7</generatorID>
<ownerDesignName>benco_log</ownerDesignName>
<indexState>Foreign Key</indexState>
<isSurrogateKey>false</isSurrogateKey>
<indexColumnUsage>
<colUsage columnID="521801AE-4E61-8C4B-5DA8-EC70F3B6FEF6"/>
</indexColumnUsage>
</ind_PK_UK>
</indexes>
</Table>