<?xml version = '1.0' encoding = 'UTF-8'?>
<Table class="oracle.dbtools.crest.model.design.relational.Table" directorySegmentName="seg_0" id="E3BACFC9-A0E9-A725-7C97-4ABFAFEF493A" name="Termek">
<createdBy>mozsi</createdBy>
<createdTime>2016-10-31 16:16:27 UTC</createdTime>
<generatorID>E901B681-DFB4-E866-6494-F28F129244B5</generatorID>
<ownerDesignName>benco_log</ownerDesignName>
<abbreviation>Cikk</abbreviation>
<allowColumnReorder>false</allowColumnReorder>
<existDependencyGenerateInDDl>true</existDependencyGenerateInDDl>
<parsed>true</parsed>
<columns itemClass="oracle.dbtools.crest.model.design.relational.Column">
<Column name="TSzam" id="76CE5937-BAEF-F29E-894C-8D2E2B7BC9BA">
<createdBy>mozsi</createdBy>
<createdTime>2016-10-31 16:16:27 UTC</createdTime>
<generatorID>57880644-0121-0A38-BB6F-D305B8F217D3</generatorID>
<ownerDesignName>benco_log</ownerDesignName>
<useDomainConstraints>false</useDomainConstraints>
<use>1</use>
<logicalDatatype>LOGDT024</logicalDatatype>
<dataTypeSize>10</dataTypeSize>
<ownDataTypeParameters>10,,</ownDataTypeParameters>
<autoIncrementCycle>false</autoIncrementCycle>
</Column>
<Column name="TNev" id="5C67D346-5116-0E71-8564-D299E1AF86DE">
<createdBy>mozsi</createdBy>
<createdTime>2016-10-31 16:16:27 UTC</createdTime>
<generatorID>EECA2CB3-9E9E-1EAF-C3FB-CA0162CA7C0C</generatorID>
<ownerDesignName>benco_log</ownerDesignName>
<nullsAllowed>true</nullsAllowed>
<useDomainConstraints>false</useDomainConstraints>
<use>1</use>
<logicalDatatype>LOGDT024</logicalDatatype>
<dataTypeSize>20</dataTypeSize>
<ownDataTypeParameters>20,,</ownDataTypeParameters>
<autoIncrementCycle>false</autoIncrementCycle>
</Column>
<Column name="TListaAr" id="E4088C7E-83CE-C934-70C4-F5BB48929948">
<createdBy>mozsi</createdBy>
<createdTime>2016-10-31 16:16:27 UTC</createdTime>
<generatorID>76E75B52-E11B-8D15-09D8-B77B1DC0C8FB</generatorID>
<ownerDesignName>benco_log</ownerDesignName>
<useDomainConstraints>false</useDomainConstraints>
<use>1</use>
<logicalDatatype>LOGDT019</logicalDatatype>
<dataTypePrecision>10</dataTypePrecision>
<dataTypeScale>2</dataTypeScale>
<ownDataTypeParameters>,10,2</ownDataTypeParameters>
<autoIncrementCycle>false</autoIncrementCycle>
</Column>
<Column name="TEgység" id="1634825F-6C91-D802-995A-FCA548D9E725">
<createdBy>mozsi</createdBy>
<createdTime>2016-10-31 16:16:27 UTC</createdTime>
<generatorID>6BC97ED2-C9D8-9FC0-92A4-73C1821C5500</generatorID>
<ownerDesignName>benco_log</ownerDesignName>
<nullsAllowed>true</nullsAllowed>
<useDomainConstraints>false</useDomainConstraints>
<use>1</use>
<logicalDatatype>LOGDT024</logicalDatatype>
<dataTypeSize>20</dataTypeSize>
<ownDataTypeParameters>20,,</ownDataTypeParameters>
<autoIncrementCycle>false</autoIncrementCycle>
</Column>
<Column name="TMegjegyzes" id="6707A09D-3C93-B5C5-5C2F-32F1E4434918">
<createdBy>mozsi</createdBy>
<createdTime>2016-10-31 16:16:27 UTC</createdTime>
<generatorID>EB21FB04-DBF9-27AB-F785-96E5053429CA</generatorID>
<ownerDesignName>benco_log</ownerDesignName>
<nullsAllowed>true</nullsAllowed>
<useDomainConstraints>false</useDomainConstraints>
<use>1</use>
<logicalDatatype>LOGDT024</logicalDatatype>
<dataTypeSize>80</dataTypeSize>
<ownDataTypeParameters>80,,</ownDataTypeParameters>
<autoIncrementCycle>false</autoIncrementCycle>
</Column>
<Column name="TO_Osztaly_Nev" id="8394CDB0-946A-3CC6-5357-B129BBD39000">
<createdBy>mozsi</createdBy>
<createdTime>2016-10-31 16:16:27 UTC</createdTime>
<generatorID>6E339CC8-601F-F277-BCC0-ED2C9C836BE6</generatorID>
<ownerDesignName>benco_log</ownerDesignName>
<useDomainConstraints>false</useDomainConstraints>
<use>1</use>
<logicalDatatype>LOGDT024</logicalDatatype>
<dataTypeSize>20</dataTypeSize>
<ownDataTypeParameters>,,</ownDataTypeParameters>
<previousColumn>false</previousColumn>
<autoIncrementCycle>false</autoIncrementCycle>
<associations>
<colAssociation fkAssociation="9A7B223A-9A3C-85D7-F5E3-4BF2FDF99284" referredColumn="0DC5CA29-247D-5147-0AB1-ADF872E5CC1E"/>
</associations>
</Column>
<Column name="A_ar" id="9DFEA634-D2DB-C192-0129-98322F798FE2">
<createdBy>mozsi</createdBy>
<createdTime>2016-10-31 16:16:27 UTC</createdTime>
<generatorID>90A37CFE-F488-68C5-CB66-E18B9EB65AE2</generatorID>
<ownerDesignName>benco_log</ownerDesignName>
<useDomainConstraints>false</useDomainConstraints>
<use>1</use>
<logicalDatatype>LOGDT019</logicalDatatype>
<dataTypePrecision>10</dataTypePrecision>
<dataTypeScale>2</dataTypeScale>
<ownDataTypeParameters>,10,2</ownDataTypeParameters>
<autoIncrementCycle>false</autoIncrementCycle>
</Column>
<Column name="B_ar" id="86190D01-4E77-5301-0B41-D0C0B0F3D57B">
<createdBy>mozsi</createdBy>
<createdTime>2016-10-31 16:16:27 UTC</createdTime>
<generatorID>AE8756B8-5A90-B4F6-D4D7-8BF84BB0FEBA</generatorID>
<ownerDesignName>benco_log</ownerDesignName>
<useDomainConstraints>false</useDomainConstraints>
<use>1</use>
<logicalDatatype>LOGDT019</logicalDatatype>
<dataTypePrecision>10</dataTypePrecision>
<dataTypeScale>2</dataTypeScale>
<ownDataTypeParameters>,10,2</ownDataTypeParameters>
<autoIncrementCycle>false</autoIncrementCycle>
</Column>
<Column name="C_ar" id="0F4BBEA4-F3D2-0179-C30B-D1DE82D07315">
<createdBy>mozsi</createdBy>
<createdTime>2016-10-31 16:16:27 UTC</createdTime>
<generatorID>74C68D63-B548-E64A-693A-5403D06D88B2</generatorID>
<ownerDesignName>benco_log</ownerDesignName>
<useDomainConstraints>false</useDomainConstraints>
<use>1</use>
<logicalDatatype>LOGDT019</logicalDatatype>
<dataTypePrecision>10</dataTypePrecision>
<dataTypeScale>2</dataTypeScale>
<ownDataTypeParameters>,10,2</ownDataTypeParameters>
<autoIncrementCycle>false</autoIncrementCycle>
</Column>
<Column name="D_ar" id="8C56B598-46DA-D0C5-75E1-C586ECC43B1F">
<createdBy>mozsi</createdBy>
<createdTime>2016-10-31 16:16:27 UTC</createdTime>
<generatorID>EF4A84A1-D77B-9DFC-2B61-F874E5B858D8</generatorID>
<ownerDesignName>benco_log</ownerDesignName>
<useDomainConstraints>false</useDomainConstraints>
<use>1</use>
<logicalDatatype>LOGDT019</logicalDatatype>
<dataTypePrecision>10</dataTypePrecision>
<dataTypeScale>2</dataTypeScale>
<ownDataTypeParameters>,10,2</ownDataTypeParameters>
<autoIncrementCycle>false</autoIncrementCycle>
</Column>
</columns>
<indexes itemClass="oracle.dbtools.crest.model.design.relational.Index">
<ind_PK_UK id="673B2285-6D75-DE2A-9B7F-BC7449DD9C75" name="Termek_PK">
<createdBy>mozsi</createdBy>
<createdTime>2016-10-31 16:16:27 UTC</createdTime>
<generatorID>D4D6EED8-F299-4C4D-7058-D9FD7F9C7CC8</generatorID>
<ownerDesignName>benco_log</ownerDesignName>
<pk>true</pk>
<indexState>Primary Constraint</indexState>
<isSurrogateKey>false</isSurrogateKey>
<indexColumnUsage>
<colUsage columnID="76CE5937-BAEF-F29E-894C-8D2E2B7BC9BA"/>
</indexColumnUsage>
</ind_PK_UK>
<ind_PK_UK id="D752807A-C0C4-FDF0-8F5D-ED1B54A203A1" name="FK3">
<createdBy>mozsi</createdBy>
<createdTime>2016-10-31 16:16:27 UTC</createdTime>
<generatorID>04371C0C-9B48-7499-65A6-D3F312135A60</generatorID>
<ownerDesignName>benco_log</ownerDesignName>
<indexState>Foreign Key</indexState>
<isSurrogateKey>false</isSurrogateKey>
<indexColumnUsage>
<colUsage columnID="8394CDB0-946A-3CC6-5357-B129BBD39000"/>
</indexColumnUsage>
</ind_PK_UK>
</indexes>
</Table>