<?xml version = '1.0' encoding = 'UTF-8'?>
<Relation class="oracle.dbtools.crest.model.design.logical.Relation" name="ertekeles" directorySegmentName="seg_0" id="23045A46-39DA-EB89-CDAC-CEEDDD8C0C1B">
<createdBy>mozsi</createdBy>
<createdTime>2016-10-27 20:20:50 UTC</createdTime>
<ownerDesignName>cramhead_logical</ownerDesignName>
<engineerTo>
<item key="533C1A71-ED68-8916-4848-D9AB63EA6E28" value="true"/>
<item key="19D2DAEA-088C-0F40-7D63-A7A40C8FE6C3" value="true"/>
</engineerTo>
<identifying>false</identifying>
<optionalSource>false</optionalSource>
<optionalTarget>false</optionalTarget>
<sourceCardinality>*</sourceCardinality>
<sourceEntity>C08D3105-096F-D929-A65B-F448C325B20E</sourceEntity>
<targetCardinalityString>1</targetCardinalityString>
<targetEntity>ED09EF3C-A6CF-7A5C-B58D-31A8B729D29D</targetEntity>
<transferable>true</transferable>
<deleteRule>NO ACTION</deleteRule>
</Relation>