<?xml version = '1.0' encoding = 'UTF-8'?>
<Relation class="oracle.dbtools.crest.model.design.logical.Relation" name="Relation_6" directorySegmentName="seg_0" id="286F9483-9284-6802-0BF5-A92FEAA0BF1F">
<createdBy>mozsi</createdBy>
<createdTime>2016-11-01 14:25:02 UTC</createdTime>
<ownerDesignName>cramhead_logical</ownerDesignName>
<importedID>37DBB48E-14AF-CFBE-6FD8-1D7635366EBF</importedID>
<engineerTo>
<item key="6750957A-6FB3-A1AE-255A-D764FFC1F6DC" value="true"/>
</engineerTo>
<identifying>false</identifying>
<optionalSource>false</optionalSource>
<optionalTarget>false</optionalTarget>
<sourceCardinality>1</sourceCardinality>
<sourceEntity>B2162702-C499-CBE2-7A2C-AE5AB95B3D52</sourceEntity>
<targetCardinalityString>1</targetCardinalityString>
<targetEntity>9D43E107-F7D5-7496-6F61-E98E62942F5F</targetEntity>
<transferable>true</transferable>
<deleteRule>NO ACTION</deleteRule>
</Relation>