<?xml version = '1.0' encoding = 'UTF-8'?>
<Relation class="oracle.dbtools.crest.model.design.logical.Relation" name="Relation_6" directorySegmentName="seg_0" id="37DBB48E-14AF-CFBE-6FD8-1D7635366EBF">
<createdBy>mozsi</createdBy>
<createdTime>2016-10-29 17:55:58 UTC</createdTime>
<ownerDesignName>cramhead_logical</ownerDesignName>
<engineerTo>
<item key="533C1A71-ED68-8916-4848-D9AB63EA6E28" value="true"/>
<item key="19D2DAEA-088C-0F40-7D63-A7A40C8FE6C3" value="true"/>
</engineerTo>
<identifying>false</identifying>
<optionalSource>false</optionalSource>
<optionalTarget>false</optionalTarget>
<sourceCardinality>1</sourceCardinality>
<sourceEntity>A2E9C160-BF06-FAEF-5301-BA0CCFE59E84</sourceEntity>
<targetCardinalityString>*</targetCardinalityString>
<targetEntity>F7A7E6FD-3020-4DBF-A220-8740CA98283F</targetEntity>
<transferable>true</transferable>
<deleteRule>NO ACTION</deleteRule>
</Relation>