<?xml version = '1.0' encoding = 'UTF-8'?>
<Relation class="oracle.dbtools.crest.model.design.logical.Relation" name="Relation_2" directorySegmentName="seg_0" id="42447DC3-0829-7828-FAE9-3998BE05624A">
<createdBy>mozsi</createdBy>
<createdTime>2016-11-01 14:25:02 UTC</createdTime>
<ownerDesignName>cramhead_logical</ownerDesignName>
<importedID>A95EC2D0-58D8-66DD-6920-5F46F561B498</importedID>
<engineerTo>
<item key="6750957A-6FB3-A1AE-255A-D764FFC1F6DC" value="true"/>
</engineerTo>
<identifying>false</identifying>
<optionalSource>false</optionalSource>
<optionalTarget>false</optionalTarget>
<sourceCardinality>1</sourceCardinality>
<sourceEntity>95C4B0E2-8E9F-E2E6-4917-03879EB0AF9D</sourceEntity>
<targetCardinalityString>*</targetCardinalityString>
<targetEntity>3204CB67-749F-99FC-5D3E-7D417272CA78</targetEntity>
<transferable>true</transferable>
<deleteRule>NO ACTION</deleteRule>
</Relation>