<?xml version = '1.0' encoding = 'UTF-8'?>
<Relation class="oracle.dbtools.crest.model.design.logical.Relation" name="Relation_5" directorySegmentName="seg_0" id="736E2859-EEB2-4A1E-60F5-7A686E9CB8FD">
<createdBy>mozsi</createdBy>
<createdTime>2016-10-29 17:55:28 UTC</createdTime>
<ownerDesignName>cramhead_logical</ownerDesignName>
<engineerTo>
<item key="533C1A71-ED68-8916-4848-D9AB63EA6E28" value="true"/>
<item key="19D2DAEA-088C-0F40-7D63-A7A40C8FE6C3" value="true"/>
</engineerTo>
<identifying>false</identifying>
<optionalSource>false</optionalSource>
<optionalTarget>false</optionalTarget>
<sourceCardinality>1</sourceCardinality>
<sourceEntity>F7A7E6FD-3020-4DBF-A220-8740CA98283F</sourceEntity>
<targetCardinalityString>1</targetCardinalityString>
<targetEntity>2D33D1DD-B3E3-A456-93FB-BA7588571B1A</targetEntity>
<transferable>true</transferable>
<deleteRule>NO ACTION</deleteRule>
</Relation>