<?xml version = '1.0' encoding = 'UTF-8'?>
<Relation class="oracle.dbtools.crest.model.design.logical.Relation" name="FK3" directorySegmentName="seg_0" id="D30B57C6-563F-D176-39FA-3CA4A9AC3A12">
<createdBy>mozsi</createdBy>
<createdTime>2016-11-01 18:35:49 UTC</createdTime>
<ownerDesignName>cramhead_logical</ownerDesignName>
<engineerTo>
<item key="6750957A-6FB3-A1AE-255A-D764FFC1F6DC" value="true"/>
</engineerTo>
<identifying>false</identifying>
<optionalSource>false</optionalSource>
<optionalTarget>false</optionalTarget>
<sourceCardinality>1</sourceCardinality>
<sourceEntity>95C4B0E2-8E9F-E2E6-4917-03879EB0AF9D</sourceEntity>
<targetCardinalityString>1</targetCardinalityString>
<targetEntity>69DB3AFA-BA3A-0950-E26D-E1F173EFC5B0</targetEntity>
<transferable>true</transferable>
<deleteRule>NO ACTION</deleteRule>
</Relation>