<?xml version = '1.0' encoding = 'UTF-8'?>
<FKIndexAssociation class="oracle.dbtools.crest.model.design.relational.FKIndexAssociation" directorySegmentName="seg_0" id="A5099EEB-34C1-A628-344D-2802343F38BF" containerWithKeyObject="FE6FD463-99F0-202C-B502-A4D207B895DE" localFKIndex="A43CC287-F70D-143D-BDE9-15615EF1A566" name="Tanf_TanfFel_FK">
<createdBy>nagy</createdBy>
<createdTime>2016-11-22 13:51:51 UTC</createdTime>
<generatorID>D6AF3F29-2E55-CD6B-CDAB-FA263C058F89</generatorID>
<ownerDesignName>cremhead_rel_na_final</ownerDesignName>
<importedID>9B472733-9CA3-C23F-0BCA-335DCE1B17C0</importedID>
<deleteRule>NO ACTION</deleteRule>
<referredTableID>671A91AC-904D-F483-62A9-273079AABC1F</referredTableID>
<keyObject>83515765-79D5-B404-6CA1-1466EFDF3451</keyObject>
<referredKeyID>83515765-79D5-B404-6CA1-1466EFDF3451</referredKeyID>
<mandatory>true</mandatory>
<transferable>true</transferable>
<rely>false</rely>
<columnDependencyConstraintGenerateInDDL>true</columnDependencyConstraintGenerateInDDL>
</FKIndexAssociation>