<?xml version = '1.0' encoding = 'UTF-8'?>
<Diagram class="oracle.dbtools.crest.swingui.relational.DPVRelational" name="Relational_1" id="3E7ACE61-8080-EE67-E356-AEFE4A1FF660">
<createdBy>nagy</createdBy>
<modifiedBy>nagy</modifiedBy>
<createdTime>2016-11-22 13:51:51 UTC</createdTime>
<autoRoute>false</autoRoute>
<boxInbox>true</boxInbox>
<showLegend>false</showLegend>
<showLabels>false</showLabels>
<showRelAttributes>false</showRelAttributes>
<gridEnabled>false</gridEnabled>
<showGrid>false</showGrid>
<diagramColor>-1</diagramColor>
<display>false</display>
<notation>1</notation>
<objectViews>
<OView class="oracle.dbtools.crest.swingui.relational.TVTable" oid="2A22B037-FA59-66CB-1226-2FA7D5FCF970" otype="Table" vid="FF0DBEFD-BE3E-4F63-7FA5-A83098028BAC">
<hideElementsInCurrentOnly>false</hideElementsInCurrentOnly>
<bounds x="415" y="454" width="252" height="138"/>
</OView>
<OView class="oracle.dbtools.crest.swingui.relational.TVTable" oid="51BBA4B4-7222-9089-4B6F-7F2A6E45B0AC" otype="Table" vid="1F656C35-C935-D49C-63AE-6DF55210F6EA">
<hideElementsInCurrentOnly>false</hideElementsInCurrentOnly>
<bounds x="698" y="474" width="283" height="112"/>
</OView>
<OView class="oracle.dbtools.crest.swingui.relational.TVTable" oid="5934012A-4A98-1034-539B-1CAD68B3C74F" otype="Table" vid="1F45FF60-63AB-6BAA-4E1C-A489B09864AC">
<hideElementsInCurrentOnly>false</hideElementsInCurrentOnly>
<bounds x="418" y="69" width="192" height="76"/>
</OView>
<OView class="oracle.dbtools.crest.swingui.relational.TVTable" oid="671A91AC-904D-F483-62A9-273079AABC1F" otype="Table" vid="7492E4EA-BC08-D2DB-8091-09DD0D80E502">
<hideElementsInCurrentOnly>false</hideElementsInCurrentOnly>
<bounds x="774" y="224" width="203" height="89"/>
</OView>
<OView class="oracle.dbtools.crest.swingui.relational.TVTable" oid="A1A7078F-284D-E006-118A-DDCE31A657B2" otype="Table" vid="51D40EFA-2D10-E44D-78B1-28B46429905F">
<hideElementsInCurrentOnly>false</hideElementsInCurrentOnly>
<bounds x="152" y="229" width="226" height="142"/>
</OView>
<OView class="oracle.dbtools.crest.swingui.relational.TVTable" oid="A4E21543-2BF3-A85A-3C3F-B6D0EBA832A3" otype="Table" vid="AB650BC7-5FD5-E4C5-1E74-699E2DCDE8CC">
<hideElementsInCurrentOnly>false</hideElementsInCurrentOnly>
<bounds x="149" y="448" width="238" height="136"/>
</OView>
<OView class="oracle.dbtools.crest.swingui.relational.TVTable" oid="A7866770-3A7E-AEE5-79D4-D8AE4E3939C6" otype="Table" vid="F860F896-65E4-6055-444F-358FDA637059">
<hideElementsInCurrentOnly>false</hideElementsInCurrentOnly>
<bounds x="158" y="72" width="199" height="103"/>
</OView>
<OView class="oracle.dbtools.crest.swingui.relational.TVTable" oid="D84BD8F0-E594-62EA-ECE1-194E4117B5CC" otype="Table" vid="9FAB64E6-239A-61EE-3DE1-1F67677FD218">
<hideElementsInCurrentOnly>false</hideElementsInCurrentOnly>
<bounds x="660" y="67" width="182" height="87"/>
</OView>
<OView class="oracle.dbtools.crest.swingui.relational.TVTable" oid="F3281E6D-76D9-32A3-2C08-6CD2280414C9" otype="Table" vid="1679B604-4C00-75FA-E17A-235322A71F0F">
<hideElementsInCurrentOnly>false</hideElementsInCurrentOnly>
<bounds x="790" y="340" width="186" height="85"/>
</OView>
<OView class="oracle.dbtools.crest.swingui.relational.TVTable" oid="FE6FD463-99F0-202C-B502-A4D207B895DE" otype="Table" vid="7C4F3316-79B8-F917-5164-6AEDCF324247">
<hideElementsInCurrentOnly>false</hideElementsInCurrentOnly>
<bounds x="436" y="193" width="283" height="218"/>
</OView>
</objectViews>
<connectors>
<Connector class="oracle.dbtools.crest.swingui.relational.TVFKRelation" oid="2F80C833-3B78-F7B6-FC1E-CD835EC943A2" otype="FKIndexAssociation" vid_source="F860F896-65E4-6055-444F-358FDA637059" vid_target="51D40EFA-2D10-E44D-78B1-28B46429905F">
<hideElementsInCurrentOnly>false</hideElementsInCurrentOnly>
<lineWidth>1</lineWidth>
<points>
<point x="257" y="175"/>
<point x="257" y="229"/>
</points>
</Connector>
<Connector class="oracle.dbtools.crest.swingui.relational.TVFKRelation" oid="44E51B2F-71FD-A92F-AF62-DC6A0D355D6E" otype="FKIndexAssociation" vid_source="9FAB64E6-239A-61EE-3DE1-1F67677FD218" vid_target="7C4F3316-79B8-F917-5164-6AEDCF324247">
<hideElementsInCurrentOnly>false</hideElementsInCurrentOnly>
<lineWidth>1</lineWidth>
<points>
<point x="689" y="154"/>
<point x="689" y="193"/>
</points>
</Connector>
<Connector class="oracle.dbtools.crest.swingui.relational.TVFKRelation" oid="4762F891-18E9-D476-32B8-99D2798830AB" otype="FKIndexAssociation" vid_source="7C4F3316-79B8-F917-5164-6AEDCF324247" vid_target="FF0DBEFD-BE3E-4F63-7FA5-A83098028BAC">
<hideElementsInCurrentOnly>false</hideElementsInCurrentOnly>
<lineWidth>1</lineWidth>
<points>
<point x="551" y="411"/>
<point x="551" y="454"/>
</points>
</Connector>
<Connector class="oracle.dbtools.crest.swingui.relational.TVFKRelation" oid="8B0571DE-5029-BB51-47A9-D3B38920E044" otype="FKIndexAssociation" vid_source="1679B604-4C00-75FA-E17A-235322A71F0F" vid_target="1F656C35-C935-D49C-63AE-6DF55210F6EA">
<hideElementsInCurrentOnly>false</hideElementsInCurrentOnly>
<lineWidth>1</lineWidth>
<points>
<point x="883" y="425"/>
<point x="883" y="474"/>
</points>
</Connector>
<Connector class="oracle.dbtools.crest.swingui.relational.TVFKRelation" oid="A5099EEB-34C1-A628-344D-2802343F38BF" otype="FKIndexAssociation" vid_source="7492E4EA-BC08-D2DB-8091-09DD0D80E502" vid_target="7C4F3316-79B8-F917-5164-6AEDCF324247">
<hideElementsInCurrentOnly>false</hideElementsInCurrentOnly>
<lineWidth>1</lineWidth>
<points>
<point x="774" y="268"/>
<point x="719" y="268"/>
</points>
</Connector>
<Connector class="oracle.dbtools.crest.swingui.relational.TVFKRelation" oid="C94A6464-C925-559C-D9E0-E7A7B415E9B7" otype="FKIndexAssociation" vid_source="51D40EFA-2D10-E44D-78B1-28B46429905F" vid_target="AB650BC7-5FD5-E4C5-1E74-699E2DCDE8CC">
<hideElementsInCurrentOnly>false</hideElementsInCurrentOnly>
<lineWidth>1</lineWidth>
<points>
<point x="265" y="371"/>
<point x="265" y="448"/>
</points>
</Connector>
<Connector class="oracle.dbtools.crest.swingui.relational.TVFKRelation" oid="E167F450-DE69-47CE-8E8C-C9AE656DDEB8" otype="FKIndexAssociation" vid_source="7C4F3316-79B8-F917-5164-6AEDCF324247" vid_target="51D40EFA-2D10-E44D-78B1-28B46429905F">
<hideElementsInCurrentOnly>false</hideElementsInCurrentOnly>
<lineWidth>1</lineWidth>
<points>
<point x="436" y="300"/>
<point x="378" y="300"/>
</points>
</Connector>
<Connector class="oracle.dbtools.crest.swingui.relational.TVFKRelation" oid="E49C8707-A712-2306-0FC8-A70B95644A17" otype="FKIndexAssociation" vid_source="1679B604-4C00-75FA-E17A-235322A71F0F" vid_target="7C4F3316-79B8-F917-5164-6AEDCF324247">
<hideElementsInCurrentOnly>false</hideElementsInCurrentOnly>
<lineWidth>1</lineWidth>
<points>
<point x="790" y="375"/>
<point x="719" y="375"/>
</points>
</Connector>
<Connector class="oracle.dbtools.crest.swingui.relational.TVFKRelation" oid="FE6D19E1-5AEF-9C0B-D7ED-53127F2B7814" otype="FKIndexAssociation" vid_source="1F45FF60-63AB-6BAA-4E1C-A489B09864AC" vid_target="7C4F3316-79B8-F917-5164-6AEDCF324247">
<hideElementsInCurrentOnly>false</hideElementsInCurrentOnly>
<lineWidth>1</lineWidth>
<points>
<point x="523" y="145"/>
<point x="523" y="193"/>
</points>
</Connector>
</connectors>
</Diagram>