<?xml version = '1.0' encoding = 'UTF-8'?>
<FKIndexAssociation class="oracle.dbtools.crest.model.design.relational.FKIndexAssociation" directorySegmentName="seg_0" id="C94A6464-C925-559C-D9E0-E7A7B415E9B7" containerWithKeyObject="A4E21543-2BF3-A85A-3C3F-B6D0EBA832A3" localFKIndex="F65387F5-C1DA-DCF0-3B17-C23E6A93C5AB" name="Kuldott_Foglalas_FK">
<createdBy>nagy</createdBy>
<createdTime>2016-11-22 13:51:51 UTC</createdTime>
<generatorID>FB42D8AE-434F-C6D1-5AF4-5D5DDE907EB7</generatorID>
<ownerDesignName>cramhead_relational_model_</ownerDesignName>
<importedID>92E32516-8262-F161-09EC-10E9B32A284C</importedID>
<deleteRule>NO ACTION</deleteRule>
<referredTableID>A1A7078F-284D-E006-118A-DDCE31A657B2</referredTableID>
<keyObject>1D0A0428-5BB1-8082-8631-2FCACB5AE9A2</keyObject>
<referredKeyID>1D0A0428-5BB1-8082-8631-2FCACB5AE9A2</referredKeyID>
<mandatory>true</mandatory>
<transferable>true</transferable>
<rely>false</rely>
<columnDependencyConstraintGenerateInDDL>true</columnDependencyConstraintGenerateInDDL>
</FKIndexAssociation>