<?xml version = '1.0' encoding = 'UTF-8'?>
<FKIndexAssociation class="oracle.dbtools.crest.model.design.relational.FKIndexAssociation" directorySegmentName="seg_0" id="E167F450-DE69-47CE-8E8C-C9AE656DDEB8" containerWithKeyObject="A1A7078F-284D-E006-118A-DDCE31A657B2" localFKIndex="D2CCE9A1-0D0F-336E-442A-2D8B7C755EC6" name="Foglalas_Tanfolyam_FK">
<createdBy>nagy</createdBy>
<createdTime>2016-11-22 13:51:51 UTC</createdTime>
<generatorID>91F84A7A-1B87-5497-7758-15C72356EE30</generatorID>
<ownerDesignName>cramhead_relational_model_</ownerDesignName>
<importedID>2256CCD4-D85A-812B-E5A7-1017903CD644</importedID>
<deleteRule>NO ACTION</deleteRule>
<referredTableID>FE6FD463-99F0-202C-B502-A4D207B895DE</referredTableID>
<keyObject>164D8B01-7361-5DB6-289A-6143AAB72CEF</keyObject>
<referredKeyID>164D8B01-7361-5DB6-289A-6143AAB72CEF</referredKeyID>
<mandatory>true</mandatory>
<transferable>true</transferable>
<rely>false</rely>
<columnDependencyConstraintGenerateInDDL>true</columnDependencyConstraintGenerateInDDL>
</FKIndexAssociation>