<?xml version = '1.0' encoding = 'UTF-8'?>
<FKIndexAssociation class="oracle.dbtools.crest.model.design.relational.FKIndexAssociation" directorySegmentName="seg_0" id="E49C8707-A712-2306-0FC8-A70B95644A17" containerWithKeyObject="FE6FD463-99F0-202C-B502-A4D207B895DE" localFKIndex="95C303BD-4413-7E9F-CD48-F417017097B4" name="Tanf_TanfTipus_FK">
<createdBy>nagy</createdBy>
<createdTime>2016-11-22 13:51:51 UTC</createdTime>
<generatorID>4D20ABEC-DAA4-1F70-0191-89695C35CE6D</generatorID>
<ownerDesignName>cramhead_relational_model_</ownerDesignName>
<importedID>3F2C28E9-5918-EA59-A756-52C6B5ABDCEF</importedID>
<deleteRule>NO ACTION</deleteRule>
<referredTableID>F3281E6D-76D9-32A3-2C08-6CD2280414C9</referredTableID>
<keyObject>B4C9E444-8E81-E613-2B00-E0CBE08AE83B</keyObject>
<referredKeyID>B4C9E444-8E81-E613-2B00-E0CBE08AE83B</referredKeyID>
<mandatory>true</mandatory>
<transferable>true</transferable>
<rely>false</rely>
<columnDependencyConstraintGenerateInDDL>true</columnDependencyConstraintGenerateInDDL>
</FKIndexAssociation>