<?xml version = '1.0' encoding = 'UTF-8'?>
<Entity class="oracle.dbtools.crest.model.design.logical.Entity" directorySegmentName="seg_0" id="06E6CFEE-9DC7-D0C4-3E14-B307CA1263E2" name="Vasarloi_rendeles_sor">
<createdBy>mozsi</createdBy>
<createdTime>2016-10-30 12:46:26 UTC</createdTime>
<ownerDesignName>benco_log</ownerDesignName>
<importedID>9A41E006-D63E-531B-D073-2AA61959F600</importedID>
<engineerTo>
<item key="2BD45F06-0A79-B5F5-7842-B147146B797A" value="true"/>
</engineerTo>
<adequatelyNormalized>NO</adequatelyNormalized>
<expectedVolumes>0</expectedVolumes>
<fwdEngineeringStrategyName>Single Table</fwdEngineeringStrategyName>
<growthPercent>0</growthPercent>
<growthType>Year</growthType>
<maxVolumes>9999999</maxVolumes>
<minVolumes>0</minVolumes>
<normalForm>Third</normalForm>
<shortName>VRS</shortName>
<attributes itemClass="oracle.dbtools.crest.model.design.logical.Attribute">
<Attribute name="SorAzon" id="E652ED50-92C2-B5CE-B8B7-50FA2872B90E">
<createdBy>mozsi</createdBy>
<createdTime>2016-10-30 12:46:26 UTC</createdTime>
<ownerDesignName>benco_log</ownerDesignName>
<importedID>EC6234E5-B345-F989-01E7-AE4DAA3A4E2E</importedID>
<engineerTo>
<item key="2BD45F06-0A79-B5F5-7842-B147146B797A" value="true"/>
</engineerTo>
<useDomainConstraints>false</useDomainConstraints>
<use>1</use>
<logicalDatatype>LOGDT011</logicalDatatype>
<ownDataTypeParameters>,,</ownDataTypeParameters>
</Attribute>
<Attribute name="Mennyiség" id="DCB7EE76-F3D7-FF1B-1B15-10CDC1F8284F">
<createdBy>mozsi</createdBy>
<createdTime>2016-10-30 12:46:26 UTC</createdTime>
<ownerDesignName>benco_log</ownerDesignName>
<importedID>8417F6B1-C2DE-69E0-E980-627866C67A15</importedID>
<engineerTo>
<item key="2BD45F06-0A79-B5F5-7842-B147146B797A" value="true"/>
</engineerTo>
<useDomainConstraints>false</useDomainConstraints>
<use>1</use>
<logicalDatatype>LOGDT011</logicalDatatype>
<ownDataTypeParameters>,,</ownDataTypeParameters>
</Attribute>
<Attribute name="TSzam" id="5770723E-794E-FBC0-6298-99BE9CBBDC9A">
<createdBy>mozsi</createdBy>
<createdTime>2016-10-30 12:46:26 UTC</createdTime>
<generatorID>B92031CE-2878-FAFF-E402-47C986F41BCB</generatorID>
<ownerDesignName>benco_log</ownerDesignName>
<importedID>75B6A864-A4B2-ED0B-EBD3-AF174C785EC8</importedID>
<engineerTo>
<item key="2BD45F06-0A79-B5F5-7842-B147146B797A" value="true"/>
</engineerTo>
<referedAttribute>57880644-0121-0A38-BB6F-D305B8F217D3</referedAttribute>
<useDomainConstraints>false</useDomainConstraints>
<use>1</use>
<logicalDatatype>LOGDT024</logicalDatatype>
<dataTypeSize>10</dataTypeSize>
<ownDataTypeParameters>10,,</ownDataTypeParameters>
</Attribute>
<Attribute name="Vrszam" id="22C38730-9733-8B0F-F040-5C81429B07D4">
<createdBy>mozsi</createdBy>
<createdTime>2016-10-30 12:46:26 UTC</createdTime>
<generatorID>F7C9C92B-B239-8B1B-0BAB-537029EB4CAF</generatorID>
<ownerDesignName>benco_log</ownerDesignName>
<importedID>1859DD7F-74DB-CB2D-4F57-A3316B775457</importedID>
<engineerTo>
<item key="2BD45F06-0A79-B5F5-7842-B147146B797A" value="true"/>
</engineerTo>
<referedAttribute>73802984-5CAB-50A7-49E8-B47E650C2312</referedAttribute>
<useDomainConstraints>false</useDomainConstraints>
<use>1</use>
<logicalDatatype>LOGDT024</logicalDatatype>
<dataTypeSize>6</dataTypeSize>
<ownDataTypeParameters>6,,</ownDataTypeParameters>
</Attribute>
<Attribute name="SzrSorAzon" id="3D035DFB-1051-F48B-164C-6ABA68F7F403">
<createdBy>mozsi</createdBy>
<createdTime>2016-10-31 14:26:57 UTC</createdTime>
<generatorID>334C5F09-C11D-7FCB-008D-7C2B79DA8641</generatorID>
<ownerDesignName>benco_log</ownerDesignName>
<engineerTo>
<item key="2BD45F06-0A79-B5F5-7842-B147146B797A" value="true"/>
</engineerTo>
<nullsAllowed>true</nullsAllowed>
<referedAttribute>CD79454E-F1E1-C957-ECBB-7C665D1C67EC</referedAttribute>
<useDomainConstraints>false</useDomainConstraints>
<use>1</use>
<logicalDatatype>LOGDT011</logicalDatatype>
<ownDataTypeParameters>,,</ownDataTypeParameters>
</Attribute>
<Attribute name="Beerkezett" id="AE6D990B-C586-34CA-24DB-DFE1656AFE9D">
<createdBy>mozsi</createdBy>
<createdTime>2016-10-31 14:52:39 UTC</createdTime>
<ownerDesignName>benco_log</ownerDesignName>
<engineerTo>
<item key="2BD45F06-0A79-B5F5-7842-B147146B797A" value="true"/>
</engineerTo>
<nullsAllowed>true</nullsAllowed>
<useDomainConstraints>false</useDomainConstraints>
<use>1</use>
<logicalDatatype>LOGDT025</logicalDatatype>
<dataTypeSize>1</dataTypeSize>
<ownDataTypeParameters>1,,</ownDataTypeParameters>
</Attribute>
</attributes>
<identifiers itemClass="oracle.dbtools.crest.model.design.logical.CandidateKey">
<identifier id="55474989-67FA-28C7-3845-1EE4DA7D1CA3" name="VRS_PK">
<createdBy>mozsi</createdBy>
<createdTime>2016-10-30 12:46:26 UTC</createdTime>
<ownerDesignName>benco_log</ownerDesignName>
<importedID>BC5D0CF7-0CA8-5C79-2BAD-2542F5FE01B7</importedID>
<engineerTo>
<item key="2BD45F06-0A79-B5F5-7842-B147146B797A" value="true"/>
</engineerTo>
<pk>true</pk>
<usedAttributes>
<attributeRef>E652ED50-92C2-B5CE-B8B7-50FA2872B90E</attributeRef>
</usedAttributes>
</identifier>
</identifiers>
</Entity>