<?xml version = '1.0' encoding = 'UTF-8'?>
<Entity class="oracle.dbtools.crest.model.design.logical.Entity" directorySegmentName="seg_0" id="45527ECD-B1B5-3AA4-4F45-ACFA46D3C5D3" name="Vevo">
<createdBy>mozsi</createdBy>
<createdTime>2016-10-30 12:46:26 UTC</createdTime>
<ownerDesignName>benco_log</ownerDesignName>
<importedID>E740DAC4-E4E3-5130-9695-1B92217A7313</importedID>
<engineerTo>
<item key="2BD45F06-0A79-B5F5-7842-B147146B797A" value="true"/>
</engineerTo>
<adequatelyNormalized>NO</adequatelyNormalized>
<expectedVolumes>0</expectedVolumes>
<fwdEngineeringStrategyName>Single Table</fwdEngineeringStrategyName>
<growthPercent>0</growthPercent>
<growthType>Year</growthType>
<maxVolumes>9999999</maxVolumes>
<minVolumes>0</minVolumes>
<normalForm>Third</normalForm>
<attributes itemClass="oracle.dbtools.crest.model.design.logical.Attribute">
<Attribute name="Vszam" id="BD2A7438-01A8-A003-F17F-76417559B64B">
<createdBy>mozsi</createdBy>
<createdTime>2016-10-30 12:46:26 UTC</createdTime>
<ownerDesignName>benco_log</ownerDesignName>
<importedID>34BD3740-9E67-6440-E1A8-2706618299AC</importedID>
<engineerTo>
<item key="2BD45F06-0A79-B5F5-7842-B147146B797A" value="true"/>
</engineerTo>
<useDomainConstraints>false</useDomainConstraints>
<use>1</use>
<logicalDatatype>LOGDT024</logicalDatatype>
<dataTypeSize>10</dataTypeSize>
<ownDataTypeParameters>10,,</ownDataTypeParameters>
</Attribute>
<Attribute name="Nev" id="B964E7FD-F15C-8B89-86CC-08C339DBBFDB">
<createdBy>mozsi</createdBy>
<createdTime>2016-10-30 12:46:26 UTC</createdTime>
<ownerDesignName>benco_log</ownerDesignName>
<importedID>A58DCEFA-35BA-7B56-A215-54C318AD0D34</importedID>
<engineerTo>
<item key="2BD45F06-0A79-B5F5-7842-B147146B797A" value="true"/>
</engineerTo>
<useDomainConstraints>false</useDomainConstraints>
<use>1</use>
<logicalDatatype>LOGDT024</logicalDatatype>
<dataTypeSize>25</dataTypeSize>
<ownDataTypeParameters>25,,</ownDataTypeParameters>
</Attribute>
<Attribute name="ErtKorSzam" id="67671047-6815-DF91-5CC9-2FF3109D2BC6">
<createdBy>mozsi</createdBy>
<createdTime>2016-10-30 12:46:26 UTC</createdTime>
<ownerDesignName>benco_log</ownerDesignName>
<importedID>B67F4BCD-604E-C280-D93A-8F69F6D39406</importedID>
<engineerTo>
<item key="2BD45F06-0A79-B5F5-7842-B147146B797A" value="true"/>
</engineerTo>
<nullsAllowed>true</nullsAllowed>
<useDomainConstraints>false</useDomainConstraints>
<use>1</use>
<logicalDatatype>LOGDT024</logicalDatatype>
<dataTypeSize>8</dataTypeSize>
<ownDataTypeParameters>8,,</ownDataTypeParameters>
</Attribute>
<Attribute name="Egyenleg" id="A1A73309-CA2C-7D4A-7E85-61858F1A08F2">
<createdBy>mozsi</createdBy>
<createdTime>2016-10-30 12:46:26 UTC</createdTime>
<ownerDesignName>benco_log</ownerDesignName>
<importedID>B80E82E8-783D-03D4-B5ED-D91E806A7497</importedID>
<engineerTo>
<item key="2BD45F06-0A79-B5F5-7842-B147146B797A" value="true"/>
</engineerTo>
<nullsAllowed>true</nullsAllowed>
<useDomainConstraints>false</useDomainConstraints>
<use>1</use>
<logicalDatatype>LOGDT019</logicalDatatype>
<dataTypePrecision>10</dataTypePrecision>
<dataTypeScale>2</dataTypeScale>
<ownDataTypeParameters>,10,2</ownDataTypeParameters>
</Attribute>
<Attribute name="VevoCim" id="96A1061D-4AED-B83E-7A0F-936D344610CF">
<createdBy>mozsi</createdBy>
<createdTime>2016-10-30 12:46:26 UTC</createdTime>
<ownerDesignName>benco_log</ownerDesignName>
<importedID>301B1F92-3CAE-CA22-6652-014032E5E5D8</importedID>
<engineerTo>
<item key="2BD45F06-0A79-B5F5-7842-B147146B797A" value="true"/>
</engineerTo>
<nullsAllowed>true</nullsAllowed>
<useDomainConstraints>false</useDomainConstraints>
<use>1</use>
<logicalDatatype>LOGDT024</logicalDatatype>
<dataTypeSize>30</dataTypeSize>
<ownDataTypeParameters>30,,</ownDataTypeParameters>
</Attribute>
<Attribute name="Irszam" id="E68AE882-3850-01B9-2A19-75C2802E0B98">
<createdBy>mozsi</createdBy>
<createdTime>2016-10-30 12:46:26 UTC</createdTime>
<ownerDesignName>benco_log</ownerDesignName>
<importedID>0060E48E-7DDA-5A26-0A93-776CDF5B231F</importedID>
<engineerTo>
<item key="2BD45F06-0A79-B5F5-7842-B147146B797A" value="true"/>
</engineerTo>
<useDomainConstraints>false</useDomainConstraints>
<use>1</use>
<logicalDatatype>LOGDT024</logicalDatatype>
<dataTypeSize>4</dataTypeSize>
<ownDataTypeParameters>4,,</ownDataTypeParameters>
</Attribute>
<Attribute name="Telefonszam" id="D6DC74AF-42C3-DD08-71B5-7C9605A2AAC7">
<createdBy>mozsi</createdBy>
<createdTime>2016-10-30 12:46:26 UTC</createdTime>
<ownerDesignName>benco_log</ownerDesignName>
<importedID>686DFA3F-976D-1528-1F25-B119ECABF055</importedID>
<engineerTo>
<item key="2BD45F06-0A79-B5F5-7842-B147146B797A" value="true"/>
</engineerTo>
<useDomainConstraints>false</useDomainConstraints>
<use>1</use>
<logicalDatatype>LOGDT024</logicalDatatype>
<dataTypeSize>12</dataTypeSize>
<ownDataTypeParameters>12,,</ownDataTypeParameters>
</Attribute>
<Attribute name="Hitelkeret" id="4B1082D0-601C-59C3-3243-E847CCBE1901">
<createdBy>mozsi</createdBy>
<createdTime>2016-10-30 12:46:26 UTC</createdTime>
<ownerDesignName>benco_log</ownerDesignName>
<importedID>D8B22032-0388-A61D-345A-031D2CA0E1B6</importedID>
<engineerTo>
<item key="2BD45F06-0A79-B5F5-7842-B147146B797A" value="true"/>
</engineerTo>
<nullsAllowed>true</nullsAllowed>
<useDomainConstraints>false</useDomainConstraints>
<use>1</use>
<logicalDatatype>LOGDT011</logicalDatatype>
<ownDataTypeParameters>,,</ownDataTypeParameters>
</Attribute>
<Attribute name="SzallitasiUtasitas" id="C3AF340E-5E07-7834-5770-99FB20904505">
<createdBy>mozsi</createdBy>
<createdTime>2016-10-30 12:46:26 UTC</createdTime>
<ownerDesignName>benco_log</ownerDesignName>
<importedID>764EDE63-55FC-594A-7A0E-E2FD2BC73032</importedID>
<engineerTo>
<item key="2BD45F06-0A79-B5F5-7842-B147146B797A" value="true"/>
</engineerTo>
<nullsAllowed>true</nullsAllowed>
<useDomainConstraints>false</useDomainConstraints>
<use>1</use>
<logicalDatatype>LOGDT024</logicalDatatype>
<dataTypeSize>50</dataTypeSize>
<ownDataTypeParameters>50,,</ownDataTypeParameters>
</Attribute>
<Attribute name="KedvezmenyKod" id="8A25EE5D-0C0E-2AE4-76ED-C8768756C25E">
<createdBy>mozsi</createdBy>
<createdTime>2016-10-31 14:37:53 UTC</createdTime>
<ownerDesignName>benco_log</ownerDesignName>
<engineerTo>
<item key="2BD45F06-0A79-B5F5-7842-B147146B797A" value="true"/>
</engineerTo>
<useDomainConstraints>false</useDomainConstraints>
<use>1</use>
<logicalDatatype>LOGDT025</logicalDatatype>
<dataTypeSize>1</dataTypeSize>
<ownDataTypeParameters>1,,</ownDataTypeParameters>
</Attribute>
<Attribute name="Zona" id="154814EF-41CB-C3E0-ED0B-89ED5FC4C8AE">
<createdBy>mozsi</createdBy>
<createdTime>2016-10-31 14:47:57 UTC</createdTime>
<ownerDesignName>benco_log</ownerDesignName>
<engineerTo>
<item key="2BD45F06-0A79-B5F5-7842-B147146B797A" value="true"/>
</engineerTo>
<nullsAllowed>true</nullsAllowed>
<useDomainConstraints>false</useDomainConstraints>
<use>1</use>
<logicalDatatype>LOGDT011</logicalDatatype>
<ownDataTypeParameters>,,</ownDataTypeParameters>
</Attribute>
</attributes>
<identifiers itemClass="oracle.dbtools.crest.model.design.logical.CandidateKey">
<identifier id="B86EE341-C0FF-771D-C5FF-2FCA8C2892BA" name="Vevo_PK">
<createdBy>mozsi</createdBy>
<createdTime>2016-10-30 12:46:26 UTC</createdTime>
<ownerDesignName>benco_log</ownerDesignName>
<importedID>83D8F749-3776-9F60-24A9-99F8F8D388DD</importedID>
<engineerTo>
<item key="2BD45F06-0A79-B5F5-7842-B147146B797A" value="true"/>
</engineerTo>
<pk>true</pk>
<usedAttributes>
<attributeRef>BD2A7438-01A8-A003-F17F-76417559B64B</attributeRef>
</usedAttributes>
</identifier>
</identifiers>
</Entity>