<?xml version = '1.0' encoding = 'UTF-8'?>
<Entity class="oracle.dbtools.crest.model.design.logical.Entity" directorySegmentName="seg_0" id="BCB229AA-19E9-9575-F6B5-76E1E3D61A94" name="TermekOsztaly">
<createdBy>mozsi</createdBy>
<createdTime>2016-10-30 12:46:26 UTC</createdTime>
<ownerDesignName>benco_log</ownerDesignName>
<importedID>D20491D4-E710-B8D7-5F7E-59CBF9E5C0F9</importedID>
<engineerTo>
<item key="2BD45F06-0A79-B5F5-7842-B147146B797A" value="true"/>
</engineerTo>
<adequatelyNormalized>NO</adequatelyNormalized>
<expectedVolumes>0</expectedVolumes>
<fwdEngineeringStrategyName>Single Table</fwdEngineeringStrategyName>
<growthPercent>0</growthPercent>
<growthType>Year</growthType>
<maxVolumes>9999999</maxVolumes>
<minVolumes>0</minVolumes>
<normalForm>Third</normalForm>
<shortName>TO</shortName>
<attributes itemClass="oracle.dbtools.crest.model.design.logical.Attribute">
<Attribute name="Osztaly_Nev" id="BD6E362C-9C8D-A22A-009D-DEB9B0D1FB11">
<createdBy>mozsi</createdBy>
<createdTime>2016-10-30 12:53:15 UTC</createdTime>
<ownerDesignName>benco_log</ownerDesignName>
<engineerTo>
<item key="2BD45F06-0A79-B5F5-7842-B147146B797A" value="true"/>
</engineerTo>
<useDomainConstraints>false</useDomainConstraints>
<use>1</use>
<logicalDatatype>LOGDT024</logicalDatatype>
<dataTypeSize>20</dataTypeSize>
<ownDataTypeParameters>20,,</ownDataTypeParameters>
</Attribute>
<Attribute name="LeltarKod" id="5A6A808C-9875-54F7-6D2C-C81C25E7BC72">
<createdBy>mozsi</createdBy>
<createdTime>2016-10-31 14:28:38 UTC</createdTime>
<ownerDesignName>benco_log</ownerDesignName>
<engineerTo>
<item key="2BD45F06-0A79-B5F5-7842-B147146B797A" value="true"/>
</engineerTo>
<nullsAllowed>true</nullsAllowed>
<useDomainConstraints>false</useDomainConstraints>
<use>1</use>
<logicalDatatype>LOGDT011</logicalDatatype>
<ownDataTypeParameters>,,</ownDataTypeParameters>
</Attribute>
</attributes>
<identifiers itemClass="oracle.dbtools.crest.model.design.logical.CandidateKey">
<identifier id="92B53B72-C840-359B-4882-9AC65AB920E2" name="TemekOsztaly PK">
<createdBy>mozsi</createdBy>
<createdTime>2016-10-30 12:55:44 UTC</createdTime>
<ownerDesignName>benco_log</ownerDesignName>
<engineerTo>
<item key="2BD45F06-0A79-B5F5-7842-B147146B797A" value="true"/>
</engineerTo>
<pk>true</pk>
<usedAttributes>
<attributeRef>BD6E362C-9C8D-A22A-009D-DEB9B0D1FB11</attributeRef>
</usedAttributes>
</identifier>
</identifiers>
</Entity>