<?xml version = '1.0' encoding = 'UTF-8'?>
<FKIndexAssociation class="oracle.dbtools.crest.model.design.relational.FKIndexAssociation" directorySegmentName="seg_0" id="2D01F1F3-D0E5-B3A5-1092-F408796E188A" containerWithKeyObject="3CCA28D5-109B-2153-1D1E-875C341FC892" localFKIndex="7C0DD6FA-E410-14F7-C0CB-D175F495C99C" name="Tanf_TanfTipus_FK">
<createdBy>mozsi</createdBy>
<createdTime>2016-11-26 17:32:09 UTC</createdTime>
<generatorID>4D20ABEC-DAA4-1F70-0191-89695C35CE6D</generatorID>
<ownerDesignName>cramhead_final_after_inserting_data</ownerDesignName>
<importedID>F3281E6D-76D9-32A3-2C08-6CD2280414C9</importedID>
<deleteRule>NO ACTION</deleteRule>
<referredTableID>0F7E4F30-AC87-ADD2-53E5-7EE78A7D014A</referredTableID>
<keyObject>757E0BC6-A4C8-E1C1-27F7-E388D889FFBD</keyObject>
<referredKeyID>757E0BC6-A4C8-E1C1-27F7-E388D889FFBD</referredKeyID>
<mandatory>true</mandatory>
<transferable>true</transferable>
<rely>false</rely>
<columnDependencyConstraintGenerateInDDL>true</columnDependencyConstraintGenerateInDDL>
</FKIndexAssociation>