<?xml version = '1.0' encoding = 'UTF-8'?>
<FKIndexAssociation class="oracle.dbtools.crest.model.design.relational.FKIndexAssociation" directorySegmentName="seg_0" id="9956B44B-36C5-EB99-B566-2B4D97A93B1D" containerWithKeyObject="0F7E4F30-AC87-ADD2-53E5-7EE78A7D014A" localFKIndex="9D5187B7-35C4-2F93-0C1E-3FDD82D42C18" name="Tanfolyam_tipus_Oktato_FK">
<createdBy>mozsi</createdBy>
<createdTime>2016-11-27 11:48:54 UTC</createdTime>
<ownerDesignName>cramhead_final_after_inserting_data</ownerDesignName>
<deleteRule>NO ACTION</deleteRule>
<referredTableID>17E18119-5488-12C8-D759-27E1EE6BE6EC</referredTableID>
<keyObject>01DF10D8-CC0C-65C9-52AA-7A11E6CB89BE</keyObject>
<referredKeyID>01DF10D8-CC0C-65C9-52AA-7A11E6CB89BE</referredKeyID>
<mandatory>false</mandatory>
<transferable>true</transferable>
<rely>false</rely>
<columnDependencyConstraintGenerateInDDL>true</columnDependencyConstraintGenerateInDDL>
</FKIndexAssociation>