<?xml version = '1.0' encoding = 'UTF-8'?>
<FKIndexAssociation class="oracle.dbtools.crest.model.design.relational.FKIndexAssociation" directorySegmentName="seg_0" id="B5C2C069-5028-01FE-BFE5-9C574C919C67" containerWithKeyObject="3CCA28D5-109B-2153-1D1E-875C341FC892" localFKIndex="7F9C7600-9F57-FCFE-8703-B97564F337B3" name="Tanfolyam_Oktato_FK">
<createdBy>mozsi</createdBy>
<createdTime>2016-11-26 17:32:09 UTC</createdTime>
<generatorID>840EF388-153A-B542-3E3A-7AB5B10E129C</generatorID>
<ownerDesignName>cramhead_final_after_inserting_data</ownerDesignName>
<importedID>D84BD8F0-E594-62EA-ECE1-194E4117B5CC</importedID>
<deleteRule>NO ACTION</deleteRule>
<referredTableID>17E18119-5488-12C8-D759-27E1EE6BE6EC</referredTableID>
<keyObject>01DF10D8-CC0C-65C9-52AA-7A11E6CB89BE</keyObject>
<referredKeyID>01DF10D8-CC0C-65C9-52AA-7A11E6CB89BE</referredKeyID>
<mandatory>false</mandatory>
<transferable>true</transferable>
<rely>false</rely>
<columnDependencyConstraintGenerateInDDL>true</columnDependencyConstraintGenerateInDDL>
</FKIndexAssociation>