<?xml version = '1.0' encoding = 'UTF-8'?>
<FKIndexAssociation class="oracle.dbtools.crest.model.design.relational.FKIndexAssociation" directorySegmentName="seg_0" id="E3F74526-12D3-C47A-740A-231F9E64252B" containerWithKeyObject="7B68B87F-ADB9-B5C1-ED72-64A6E54C980D" localFKIndex="68412049-7F3A-067C-91C2-3BD38A21A3F0" name="TanfErt_Tanf_FK">
<createdBy>mozsi</createdBy>
<createdTime>2016-11-26 17:32:09 UTC</createdTime>
<generatorID>7E8A9CF6-CFF4-9F81-C1C8-585E53B047F8</generatorID>
<ownerDesignName>cramhead_final_after_inserting_data</ownerDesignName>
<importedID>FE6FD463-99F0-202C-B502-A4D207B895DE</importedID>
<deleteRule>NO ACTION</deleteRule>
<referredTableID>3CCA28D5-109B-2153-1D1E-875C341FC892</referredTableID>
<keyObject>2EFC1239-287A-D997-74B9-C4C099D33F7D</keyObject>
<referredKeyID>2EFC1239-287A-D997-74B9-C4C099D33F7D</referredKeyID>
<mandatory>false</mandatory>
<transferable>true</transferable>
<rely>false</rely>
<columnDependencyConstraintGenerateInDDL>true</columnDependencyConstraintGenerateInDDL>
</FKIndexAssociation>