<?xml version = '1.0' encoding = 'UTF-8'?>
<FKIndexAssociation class="oracle.dbtools.crest.model.design.relational.FKIndexAssociation" directorySegmentName="seg_0" id="EF6F0B2F-516A-C014-BF4E-6A771EB5912E" containerWithKeyObject="2FADA050-7661-3690-657A-B0B9BFF7B789" localFKIndex="0666449E-6EE2-22F7-1783-E9A54982BA68" name="Foglalas_Tanfolyam_FK">
<createdBy>mozsi</createdBy>
<createdTime>2016-11-26 17:32:09 UTC</createdTime>
<generatorID>91F84A7A-1B87-5497-7758-15C72356EE30</generatorID>
<ownerDesignName>cramhead_final_after_inserting_data</ownerDesignName>
<importedID>FE6FD463-99F0-202C-B502-A4D207B895DE</importedID>
<deleteRule>NO ACTION</deleteRule>
<referredTableID>3CCA28D5-109B-2153-1D1E-875C341FC892</referredTableID>
<keyObject>2EFC1239-287A-D997-74B9-C4C099D33F7D</keyObject>
<referredKeyID>2EFC1239-287A-D997-74B9-C4C099D33F7D</referredKeyID>
<mandatory>true</mandatory>
<transferable>true</transferable>
<rely>false</rely>
<columnDependencyConstraintGenerateInDDL>true</columnDependencyConstraintGenerateInDDL>
</FKIndexAssociation>